// AUTO-GENERATED by tools/gen_splash.ps1  -  DO NOT EDIT BY HAND
// Regenerate with:  powershell -ExecutionPolicy Bypass -File tools/gen_splash.ps1
#include "config.h"
#include "splash.h"

#if USE_SPLASH

// splash.h sizes the array the way the panel is laid out, so a mismatch is a
// bug and not a setting - catch it here instead of on the screen.
static_assert(SPLASH_W == SCR_W && SPLASH_H == SCR_H,
              "the splash bitmap must match the screen geometry");

const uint16_t splash_map[SPLASH_W * SPLASH_H] = {
  0x0842,0x0842,0x0842,0x0842,0x0842,0x0842,0x0842,0x0842,0x0842,0x0842,0x0842,0x0842,
  0x0842,0x0842,0x0842,0x0842,0x0842,0x0842,0x0842,0x0842,0x0842,0x0842,0x0842,0x0842,
  0x0842,0x0842,0x0842,0x0842,0x0842,0x0842,0x0842,0x0842,0x0842,0x0842,0x0842,0x0842,
  0x0842,0x0842,0x0842,0x0842,0x0842,0x0842,0x0842,0x0842,0x0842,0x0842,0x0842,0x0842,
  0x0842,0x0842,0x0842,0x0842,0x0842,0x0842,0x0842,0x0842,0x0842,0x0842,0x0842,0x0842,
  0x0842,0x0842,0x0842,0x0842,0x0842,0x0842,0x0842,0x0842,0x0842,0x0842,0x0842,0x0842,
  0x0842,0x0842,0x0842,0x0842,0x0842,0x0842,0x0842,0x0842,0x0842,0x0842,0x0842,0x0842,
  0x0842,0x0842,0x0842,0x0842,0x0842,0x0842,0x0842,0x0842,0x0842,0x0842,0x0842,0x0842,
  0x0842,0x0842,0x0842,0x0842,0x0842,0x0842,0x0842,0x0842,0x0842,0x0842,0x0842,0x0842,
  0x0842,0x0842,0x0842,0x0842,0x0842,0x0842,0x0842,0x0842,0x0842,0x0842,0x0842,0x0842,
  0x0842,0x0842,0x0842,0x0842,0x0842,0x0842,0x0842,0x0842,0x0842,0x0842,0x0842,0x0842,
  0x0842,0x0842,0x0842,0x0842,0x0842,0x0842,0x0842,0x0842,0x0842,0x0842,0x0842,0x0842,
  0x0842,0x0842,0x0842,0x0842,0x0842,0x0842,0x0842,0x0842,0x0842,0x0842,0x0842,0x0842,
  0x0842,0x0842,0x0842,0x0842,0x0842,0x0842,0x0842,0x0842,0x0842,0x0842,0x0842,0x0842,
  0x0842,0x0842,0x0842,0x0842,0x0842,0x0842,0x0842,0x0842,0x0842,0x0842,0x0842,0x0842,
  0x0842,0x0842,0x0842,0x0842,0x0842,0x0842,0x0842,0x0842,0x0842,0x0842,0x0842,0x0842,
  0x0842,0x0842,0x0842,0x0842,0x0842,0x0842,0x0842,0x0842,0x0842,0x0842,0x0842,0x0842,
  0x0842,0x0842,0x0842,0x0842,0x0842,0x0842,0x0842,0x0842,0x0842,0x0842,0x0842,0x0842,
  0x0842,0x0842,0x0842,0x0842,0x0842,0x0842,0x0842,0x0842,0x0842,0x0842,0x0842,0x0842,
  0x0842,0x0842,0x0842,0x0842,0x0842,0x0842,0x0842,0x0842,0x0842,0x0842,0x0842,0x0842,
  0x0842,0x0842,0x0842,0x0842,0x0842,0x0842,0x0842,0x0842,0x0842,0x0842,0x0842,0x0842,
  0x0842,0x0842,0x0842,0x0842,0x0842,0x0842,0x0842,0x0842,0x0842,0x0842,0x0842,0x0842,
  0x0842,0x0842,0x0842,0x0842,0x0842,0x0842,0x0842,0x0842,0x0842,0x0842,0x0842,0x0842,
  0x0842,0x0842,0x0842,0x0842,0x0842,0x0842,0x0842,0x0842,0x0842,0x0842,0x0842,0x0842,
  0x0842,0x0842,0x0842,0x0842,0x0842,0x0842,0x0842,0x0842,0x0842,0x0842,0x0842,0x0842,
  0x0842,0x0842,0x0842,0x0842,0x0842,0x0842,0x0842,0x0842,0x0842,0x0842,0x0842,0x0842,
  0x0842,0x0842,0x0842,0x0842,0x0842,0x0842,0x0842,0x0842,0x0842,0x0842,0x0842,0x0842,
  0x0842,0x0842,0x0842,0x0842,0x0842,0x0842,0x0842,0x0842,0x0842,0x0842,0x0842,0x0842,
  0x0842,0x0842,0x0842,0x0842,0x0842,0x0842,0x0842,0x0842,0x0842,0x0842,0x0842,0x0842,
  0x0842,0x0842,0x0842,0x0842,0x0842,0x0842,0x0842,0x0842,0x0842,0x0842,0x0842,0x0842,
  0x0842,0x0842,0x0842,0x0842,0x0842,0x0842,0x0842,0x0842,0x0842,0x0842,0x0842,0x0842,
  0x0842,0x0842,0x0842,0x0842,0x0842,0x0842,0x0842,0x0842,0x0842,0x0842,0x0842,0x0842,
  0x0842,0x0842,0x0842,0x0842,0x0842,0x0842,0x0842,0x0842,0x0842,0x0842,0x0842,0x0842,
  0x0842,0x0842,0x0842,0x0842,0x0842,0x0842,0x0842,0x0842,0x0842,0x0842,0x0842,0x0842,
  0x0842,0x0842,0x0842,0x0842,0x0842,0x0842,0x0842,0x0842,0x0842,0x0842,0x0842,0x0842,
  0x0842,0x0842,0x0842,0x0842,0x0842,0x0842,0x0842,0x0842,0x0842,0x0842,0x0842,0x0842,
  0x0842,0x0842,0x0842,0x0842,0x0842,0x0842,0x0842,0x0842,0x0842,0x0842,0x0842,0x0842,
  0x0842,0x0842,0x0842,0x0842,0x0842,0x0842,0x0842,0x0842,0x0842,0x0842,0x0842,0x0842,
  0x0842,0x0842,0x0842,0x0842,0x0842,0x0842,0x0842,0x0842,0x0842,0x0842,0x0842,0x0842,
  0x0842,0x0842,0x0842,0x0842,0x0842,0x0842,0x0842,0x0842,0x0842,0x0842,0x0842,0x0842,
  0x0842,0x0842,0x0842,0x0842,0x0842,0x0842,0x0842,0x0842,0x0842,0x0842,0x0842,0x0842,
  0x0842,0x0842,0x0842,0x0842,0x0842,0x0842,0x0842,0x0842,0x0842,0x0842,0x0842,0x0842,
  0x0842,0x0842,0x0842,0x0842,0x0842,0x0842,0x0842,0x0842,0x0842,0x0842,0x0842,0x0842,
  0x0842,0x0842,0x0842,0x0842,0x0842,0x0842,0x0842,0x0842,0x0842,0x0842,0x0842,0x0842,
  0x0842,0x0842,0x0842,0x0842,0x0842,0x0842,0x0842,0x0842,0x0842,0x0842,0x0842,0x0842,
  0x0842,0x0842,0x0842,0x0842,0x0842,0x0842,0x0842,0x0842,0x0842,0x0842,0x0842,0x0842,
  0x0842,0x0842,0x0842,0x0842,0x0842,0x0842,0x0842,0x0842,0x0842,0x0842,0x0842,0x0842,
  0x0842,0x0842,0x0842,0x0842,0x0842,0x0842,0x0842,0x0842,0x0842,0x0842,0x0842,0x0842,
  0x0842,0x0842,0x0842,0x0842,0x0842,0x0842,0x0842,0x0842,0x0842,0x0842,0x0842,0x0842,
  0x0842,0x0842,0x0842,0x0842,0x0842,0x0842,0x0842,0x0842,0x0842,0x0842,0x0842,0x0842,
  0x0842,0x0842,0x0842,0x0842,0x0842,0x0842,0x0842,0x0842,0x0842,0x0842,0x0842,0x0842,
  0x0842,0x0842,0x0842,0x0842,0x0842,0x0842,0x0842,0x0842,0x0842,0x0842,0x0842,0x0842,
  0x0842,0x0842,0x0842,0x0842,0x0842,0x0842,0x0842,0x0842,0x0842,0x0842,0x0842,0x0842,
  0x0842,0x0842,0x0842,0x0842,0x0842,0x0842,0x0842,0x0842,0x0842,0x0842,0x0842,0x0842,
  0x0842,0x0842,0x0842,0x0842,0x0842,0x0842,0x0842,0x0842,0x0842,0x0842,0x0842,0x0842,
  0x0842,0x0842,0x0842,0x0842,0x0842,0x0842,0x0842,0x0842,0x0842,0x0842,0x0842,0x0842,
  0x0842,0x0842,0x0842,0x0842,0x0842,0x0842,0x0842,0x0842,0x0842,0x0842,0x0842,0x0842,
  0x0842,0x0842,0x0842,0x0842,0x0842,0x0842,0x0842,0x0842,0x0842,0x0842,0x0842,0x0842,
  0x0842,0x0842,0x0842,0x0842,0x0842,0x0842,0x0842,0x0842,0x0842,0x0842,0x0842,0x0842,
  0x0842,0x0842,0x0842,0x0842,0x0842,0x0842,0x0842,0x0842,0x0842,0x0842,0x0842,0x0842,
  0x0842,0x0842,0x0842,0x0842,0x0842,0x0842,0x0842,0x0842,0x0842,0x0842,0x0842,0x0842,
  0x0842,0x0842,0x0842,0x0842,0x0842,0x0842,0x0842,0x0842,0x0842,0x0842,0x0842,0x0842,
  0x0842,0x0842,0x0842,0x0842,0x0842,0x0842,0x0842,0x0842,0x0842,0x0842,0x0842,0x0842,
  0x0842,0x0842,0x0842,0x0842,0x0842,0x0842,0x0842,0x0842,0x0842,0x0842,0x0842,0x0842,
  0x0842,0x0842,0x0842,0x0842,0x0842,0x0842,0x0842,0x0842,0x0842,0x0842,0x0842,0x0842,
  0x0842,0x0842,0x0842,0x0842,0x0842,0x0842,0x0842,0x0842,0x0842,0x0842,0x0842,0x0842,
  0x0842,0x0842,0x0842,0x0842,0x0842,0x0842,0x0842,0x0842,0x0842,0x0842,0x0842,0x0842,
  0x0842,0x0842,0x0842,0x0842,0x0842,0x0842,0x0842,0x0842,0x0842,0x0842,0x0842,0x0842,
  0x0842,0x0842,0x0842,0x0842,0x0842,0x0842,0x0842,0x0842,0x0842,0x0842,0x0842,0x0842,
  0x0842,0x0842,0x0842,0x0842,0x0842,0x0842,0x0842,0x0842,0x0842,0x0842,0x0842,0x0842,
  0x0842,0x0842,0x0842,0x0842,0x0842,0x0842,0x0842,0x0842,0x0842,0x0842,0x0842,0x0842,
  0x0842,0x0842,0x0842,0x0842,0x0842,0x0842,0x0842,0x0842,0x0842,0x0842,0x0842,0x0842,
  0x0842,0x0842,0x0842,0x0842,0x0842,0x0842,0x0842,0x0842,0x0842,0x0842,0x0842,0x0842,
  0x0842,0x0842,0x0842,0x0842,0x0842,0x0842,0x0842,0x0842,0x0842,0x0842,0x0842,0x0842,
  0x0842,0x0842,0x0842,0x0842,0x0842,0x0842,0x0842,0x0842,0x0842,0x0842,0x0842,0x0842,
  0x0842,0x0842,0x0842,0x0842,0x0842,0x0842,0x0842,0x0842,0x0842,0x0842,0x0842,0x0842,
  0x0842,0x0842,0x0842,0x0842,0x0842,0x0842,0x0842,0x0842,0x0842,0x0842,0x0842,0x0842,
  0x0842,0x0842,0x0842,0x0842,0x0842,0x0842,0x0842,0x0842,0x0842,0x0842,0x0842,0x0842,
  0x0842,0x0842,0x0842,0x0842,0x0842,0x0842,0x0842,0x0842,0x0842,0x0842,0x0842,0x0842,
  0x0842,0x0842,0x0842,0x0842,0x0842,0x0842,0x0842,0x0842,0x0842,0x0842,0x0842,0x0842,
  0x0842,0x0842,0x0842,0x0842,0x0842,0x0842,0x0842,0x0842,0x0842,0x0842,0x0842,0x0842,
  0x0842,0x0842,0x0842,0x0842,0x0842,0x0842,0x0842,0x0842,0x0842,0x0842,0x0842,0x0842,
  0x0842,0x0842,0x0842,0x0842,0x0842,0x0842,0x0842,0x0842,0x0842,0x0842,0x0842,0x0842,
  0x0842,0x0842,0x0842,0x0842,0x0842,0x0842,0x0842,0x0842,0x0842,0x0842,0x0842,0x0842,
  0x0842,0x0842,0x0842,0x0842,0x0842,0x0842,0x0842,0x0842,0x0842,0x0842,0x0842,0x0842,
  0x0842,0x0842,0x0842,0x0842,0x0842,0x0842,0x0842,0x0842,0x0842,0x0842,0x0842,0x0842,
  0x0842,0x0842,0x0842,0x0842,0x0842,0x0842,0x0842,0x0842,0x0842,0x0842,0x0842,0x0842,
  0x0842,0x0842,0x0842,0x0842,0x0842,0x0842,0x0842,0x0842,0x0842,0x0842,0x0842,0x0842,
  0x0842,0x0842,0x0842,0x0842,0x0842,0x0842,0x0842,0x0842,0x0842,0x0842,0x0842,0x0842,
  0x0842,0x0842,0x0842,0x0842,0x0842,0x0842,0x0842,0x0842,0x0842,0x0842,0x0842,0x0842,
  0x0842,0x0842,0x0842,0x0842,0x0842,0x0842,0x0842,0x0842,0x0842,0x0842,0x0842,0x0842,
  0x0842,0x0842,0x0842,0x0842,0x0842,0x0842,0x0842,0x0842,0x0842,0x0842,0x0842,0x0842,
  0x0842,0x0842,0x0842,0x0842,0x0842,0x0842,0x0842,0x0842,0x0842,0x0842,0x0842,0x0842,
  0x0842,0x0842,0x0842,0x0842,0x0842,0x0842,0x0842,0x0842,0x0842,0x0842,0x0842,0x0842,
  0x0842,0x0842,0x0842,0x0842,0x0842,0x0842,0x0842,0x0842,0x0842,0x0842,0x0842,0x0842,
  0x0842,0x0842,0x0842,0x0842,0x0842,0x0842,0x0842,0x0842,0x0842,0x0842,0x0842,0x0842,
  0x0842,0x0842,0x0842,0x0842,0x0842,0x0842,0x0842,0x0842,0x0842,0x0842,0x0842,0x0842,
  0x0842,0x0842,0x0842,0x0842,0x0842,0x0842,0x0842,0x0842,0x0842,0x0842,0x0842,0x0842,
  0x0842,0x0842,0x0842,0x0842,0x0842,0x0842,0x0842,0x0842,0x0842,0x0842,0x0842,0x0842,
  0x0842,0x0842,0x0842,0x0842,0x0842,0x0842,0x0842,0x0842,0x0842,0x0842,0x0842,0x0842,
  0x0842,0x0842,0x0842,0x0842,0x0842,0x0842,0x0842,0x0842,0x0842,0x0842,0x0842,0x0842,
  0x0842,0x0842,0x0842,0x0842,0x0842,0x0842,0x0842,0x0842,0x0842,0x0842,0x0842,0x0842,
  0x0842,0x0842,0x0842,0x0842,0x0842,0x0842,0x0842,0x0842,0x0842,0x0842,0x0842,0x0842,
  0x0842,0x0842,0x0842,0x0842,0x0842,0x0842,0x0842,0x0842,0x0842,0x0842,0x0842,0x0842,
  0x0842,0x0842,0x0842,0x0842,0x0842,0x0842,0x0842,0x0842,0x0842,0x0842,0x0842,0x0842,
  0x0842,0x0842,0x0842,0x0842,0x0842,0x0842,0x0842,0x0842,0x0842,0x0842,0x0842,0x0842,
  0x0842,0x0842,0x0842,0x0842,0x0842,0x0842,0x0842,0x0842,0x0842,0x0842,0x0842,0x0842,
  0x0842,0x0842,0x0842,0x0842,0x0842,0x0842,0x0842,0x0842,0x0842,0x0842,0x0842,0x0842,
  0x0842,0x0842,0x0842,0x0842,0x0842,0x0842,0x0842,0x0842,0x0842,0x0842,0x0842,0x0842,
  0x0842,0x0842,0x0842,0x0842,0x0842,0x0842,0x0842,0x0842,0x0842,0x0842,0x0842,0x0842,
  0x0842,0x0842,0x0842,0x0842,0x0842,0x0842,0x0842,0x0842,0x0842,0x0842,0x3187,0x424A,
  0x424A,0x424A,0x31C8,0x0842,0x0842,0x0842,0x0842,0x0842,0x0842,0x0842,0x0842,0x0842,
  0x0842,0x0842,0x0842,0x0842,0x0842,0x0842,0x0842,0x0842,0x0842,0x0842,0x0842,0x0842,
  0x0842,0x0842,0x0842,0x0842,0x0842,0x0842,0x0842,0x0842,0x0842,0x0842,0x0842,0x0842,
  0x0842,0x0842,0x0842,0x0842,0x0842,0x0842,0x0842,0x0842,0x0842,0x0842,0x0842,0x0842,
  0x0842,0x0842,0x0842,0x0842,0x0842,0x0842,0x3187,0x424A,0x424A,0x424A,0x31C8,0x0842,
  0x0842,0x0842,0x0842,0x0842,0x0842,0x0842,0x0842,0x0842,0x0842,0x0842,0x0842,0x0842,
  0x0842,0x0842,0x0842,0x0842,0x0842,0x0842,0x0842,0x0842,0x0842,0x0842,0x0842,0x0842,
  0x0842,0x0842,0x0842,0x0842,0x0842,0x0842,0x0842,0x0842,0x0842,0x0842,0x0842,0x0842,
  0x0842,0x0842,0x0842,0x0842,0x0842,0x0842,0x0842,0x0842,0x0842,0x0842,0x0842,0x0842,
  0x0842,0x0842,0x0842,0x0842,0x0842,0x0842,0x0842,0x0842,0x0842,0x0842,0x0842,0x0842,
  0x0842,0x0842,0x0842,0x0842,0x0842,0x0842,0x0842,0x0842,0x0842,0x0842,0x0842,0x0842,
  0x0842,0x0842,0x0842,0x0842,0x0842,0x0842,0x0842,0x0842,0x0842,0x0842,0x0842,0x0842,
  0x0842,0x0842,0x0842,0x0842,0x0842,0x0842,0x0842,0x0842,0x0842,0x18C4,0x632D,0xB596,
  0xF79E,0xFFFF,0xFFFF,0xFFFF,0xFFFF,0xFFFF,0xFFFF,0xFFFF,0xF7BF,0xC618,0x73AF,0x2105,
  0x0842,0x0842,0x0842,0x0842,0x0842,0x0842,0x0842,0x0842,0x0842,0x0842,0x0842,0x0842,
  0x0842,0x0842,0x0842,0x0842,0x0842,0x0842,0x0842,0x0842,0x0842,0x0842,0x0842,0x0842,
  0x0842,0x0842,0x0842,0x0842,0x0842,0x0842,0x0842,0x0842,0x0842,0x0842,0x0842,0x0842,
  0x0842,0x0842,0x0842,0x0842,0x0842,0x18C4,0x632D,0xB596,0xF79E,0xFFFF,0xFFFF,0xFFFF,
  0xFFFF,0xFFFF,0xFFFF,0xFFFF,0xF7BF,0xC618,0x73AF,0x2105,0x0842,0x0842,0x0842,0x0842,
  0x0842,0x0842,0x0842,0x0842,0x0842,0x0842,0x0842,0x0842,0x0842,0x0842,0x0842,0x0842,
  0x0842,0x0842,0x0842,0x0842,0x0842,0x0842,0x0842,0x0842,0x0842,0x0842,0x0842,0x0842,
  0x0842,0x0842,0x0842,0x0842,0x0842,0x0842,0x0842,0x0842,0x0842,0x0842,0x0842,0x0842,
  0x0842,0x0842,0x0842,0x0842,0x0842,0x0842,0x0842,0x0842,0x0842,0x0842,0x0842,0x0842,
  0x0842,0x0842,0x0842,0x0842,0x0842,0x0842,0x0842,0x0842,0x0842,0x0842,0x0842,0x0842,
  0x0842,0x0842,0x0842,0x0842,0x0842,0x0842,0x0842,0x0842,0x0842,0x0842,0x0842,0x0842,
  0x0842,0x0842,0x0842,0x0842,0x0842,0x0842,0x0842,0x0842,0x0842,0x0842,0x0842,0x5AEC,
  0xAD55,0xFFFF,0xFFFF,0xFFFF,0xFFFF,0xFFFF,0xFFFF,0xFFFF,0xFFFF,0xFFFF,0xFFFF,0xFFFF,
  0xFFFF,0xFFFF,0xFFFF,0xFFFF,0xC618,0x6B6E,0x1083,0x0842,0x0842,0x0842,0x0842,0x0842,
  0x0842,0x0842,0x0842,0x0842,0x0842,0x0842,0x0842,0x0842,0x0842,0x0842,0x0842,0x0842,
  0x0842,0x0842,0x0842,0x0842,0x0842,0x0842,0x0842,0x0842,0x0842,0x0842,0x0842,0x0842,
  0x0842,0x0842,0x0842,0x0842,0x0842,0x0842,0x0842,0x5AEC,0xAD55,0xFFFF,0xFFFF,0xFFFF,
  0xFFFF,0xFFFF,0xFFFF,0xFFFF,0xFFFF,0xFFFF,0xFFFF,0xFFFF,0xFFFF,0xFFFF,0xFFFF,0xFFFF,
  0xC618,0x6B6E,0x1083,0x0842,0x0842,0x0842,0x0842,0x0842,0x0842,0x0842,0x0842,0x0842,
  0x0842,0x0842,0x0842,0x0842,0x0842,0x0842,0x0842,0x0842,0x0842,0x0842,0x0842,0x0842,
  0x0842,0x0842,0x0842,0x0842,0x0842,0x0842,0x0842,0x0842,0x0842,0x0842,0x0842,0x0842,
  0x0842,0x0842,0x0842,0x0842,0x0842,0x0842,0x0842,0x0842,0x0842,0x0842,0x0842,0x0842,
  0x0842,0x0842,0x0842,0x0842,0x0842,0x0842,0x0842,0x0842,0x0842,0x0842,0x0842,0x0842,
  0x0842,0x0842,0x0842,0x0842,0x0842,0x0842,0x0842,0x0842,0x0842,0x0842,0x0842,0x0842,
  0x0842,0x0842,0x0842,0x0842,0x0842,0x0842,0x0842,0x0842,0x0842,0x0842,0x0842,0x0842,
  0x0842,0x3A09,0xCE59,0xFFFF,0xFFFF,0xFFFF,0xFFFF,0xFFFF,0xFFFF,0xFFFF,0xFFFF,0xFFFF,
  0xFFFF,0xFFFF,0xFFFF,0xFFFF,0xFFFF,0xFFFF,0xFFFF,0xFFFF,0xFFFF,0xFFFF,0xE71C,0x4A8B,
  0x0842,0x0842,0x0842,0x0842,0x0842,0x0842,0x0842,0x0842,0x0842,0x0842,0x0842,0x0842,
  0x0842,0x0842,0x0842,0x0842,0x0842,0x0842,0x0842,0x0842,0x0842,0x0842,0x0842,0x0842,
  0x0842,0x0842,0x0842,0x0842,0x0842,0x0842,0x0842,0x0842,0x0842,0x3A09,0xCE59,0xFFFF,
  0xFFFF,0xFFFF,0xFFFF,0xFFFF,0xFFFF,0xFFFF,0xFFFF,0xFFFF,0xFFFF,0xFFFF,0xFFFF,0xFFFF,
  0xFFFF,0xFFFF,0xFFFF,0xFFFF,0xFFFF,0xFFFF,0xE71C,0x4A8B,0x0842,0x0842,0x0842,0x0842,
  0x0842,0x0842,0x0842,0x0842,0x0842,0x0842,0x0842,0x0842,0x0842,0x0842,0x0842,0x0842,
  0x0842,0x0842,0x0842,0x0842,0x0842,0x0842,0x0842,0x0842,0x0842,0x0842,0x0842,0x0842,
  0x0842,0x0842,0x0842,0x0842,0x0842,0x0842,0x0842,0x0842,0x0842,0x0842,0x0842,0x0842,
  0x0862,0x0862,0x0862,0x0862,0x0862,0x0862,0x0862,0x0862,0x0862,0x0862,0x0862,0x0862,
  0x0862,0x0862,0x0862,0x0862,0x0862,0x0862,0x0862,0x0862,0x0862,0x0862,0x0862,0x0862,
  0x0862,0x0862,0x0862,0x0862,0x0862,0x0862,0x0862,0x0862,0x0862,0x0862,0x0862,0x0862,
  0x0862,0x0862,0x0862,0x18C4,0x94B3,0xFFFF,0xFFFF,0xFFFF,0xFFFF,0xFFFF,0xFFFF,0xFFFF,
  0xFFFF,0xFFFF,0xFFFF,0xFFFF,0xFFFF,0xFFFF,0xFFFF,0xFFFF,0xFFFF,0xFFFF,0xFFFF,0xFFFF,
  0xFFFF,0xFFFF,0xFFFF,0xFFFF,0xB596,0x2105,0x0862,0x0862,0x0862,0x0862,0x0862,0x0862,
  0x0862,0x0862,0x0862,0x0862,0x0862,0x0862,0x0862,0x0862,0x0862,0x0862,0x0862,0x0862,
  0x0862,0x0862,0x0862,0x0862,0x0862,0x0862,0x0862,0x0862,0x0862,0x0862,0x0862,0x18C4,
  0x94B3,0xFFFF,0xFFFF,0xFFFF,0xFFFF,0xFFFF,0xFFFF,0xFFFF,0xFFFF,0xFFFF,0xFFFF,0xFFFF,
  0xFFFF,0xFFFF,0xFFFF,0xFFFF,0xFFFF,0xFFFF,0xFFFF,0xFFFF,0xFFFF,0xFFFF,0xFFFF,0xFFFF,
  0xB596,0x2105,0x0862,0x0862,0x0862,0x0862,0x0862,0x0862,0x0862,0x0862,0x0862,0x0862,
  0x0862,0x0862,0x0862,0x0862,0x0862,0x0862,0x0862,0x0862,0x0862,0x0862,0x0862,0x0862,
  0x0862,0x0862,0x0862,0x0862,0x0862,0x0862,0x0862,0x0862,0x0862,0x0862,0x0862,0x0862,
  0x0862,0x0862,0x0862,0x0862,0x0862,0x0862,0x0862,0x0862,0x0862,0x0862,0x0862,0x0862,
  0x0862,0x0862,0x0862,0x0862,0x0862,0x0862,0x0862,0x0862,0x0862,0x0862,0x0862,0x0862,
  0x0862,0x0862,0x0862,0x0862,0x0862,0x0862,0x0862,0x0862,0x0862,0x0862,0x0862,0x0862,
  0x0862,0x0862,0x0862,0x0862,0x0862,0x0862,0x31C8,0xEF5D,0xFFFF,0xFFFF,0xFFFF,0xFFFF,
  0xFFFF,0xFFFF,0xFFFF,0xFFFF,0xFFFF,0xFFFF,0xFFFF,0xFFFF,0xFFFF,0xFFFF,0xFFFF,0xFFFF,
  0xFFFF,0xFFFF,0xFFFF,0xFFFF,0xFFFF,0xFFFF,0xFFFF,0xFFFF,0xFFFF,0xF79E,0x4A8B,0x0862,
  0x0862,0x0862,0x0862,0x0862,0x0862,0x0862,0x0862,0x0862,0x0862,0x0862,0x0862,0x0862,
  0x0862,0x0862,0x0862,0x0862,0x0862,0x0862,0x0862,0x0862,0x0862,0x0862,0x0862,0x0862,
  0x0862,0x0862,0x31C8,0xEF5D,0xFFFF,0xFFFF,0xFFFF,0xFFFF,0xFFFF,0xFFFF,0xFFFF,0xFFFF,
  0xFFFF,0xFFFF,0xFFFF,0xFFFF,0xFFFF,0xFFFF,0xFFFF,0xFFFF,0xFFFF,0xFFFF,0xFFFF,0xFFFF,
  0xFFFF,0xFFFF,0xFFFF,0xFFFF,0xFFFF,0xF79E,0x4A8B,0x0862,0x0862,0x0862,0x0862,0x0862,
  0x0862,0x0862,0x0862,0x0862,0x0862,0x0862,0x0862,0x0862,0x0862,0x0862,0x0862,0x0862,
  0x0862,0x0862,0x0862,0x0862,0x0862,0x0862,0x0862,0x0862,0x0862,0x0862,0x0862,0x0862,
  0x0862,0x0862,0x0862,0x0862,0x0862,0x0862,0x0862,0x0862,0x0862,0x0862,0x0862,0x0862,
  0x0862,0x0862,0x0862,0x0862,0x0862,0x0862,0x0862,0x0862,0x0862,0x0862,0x0862,0x0862,
  0x0862,0x0862,0x0862,0x0862,0x0862,0x0862,0x0862,0x0862,0x0862,0x0862,0x0862,0x0862,
  0x0862,0x0862,0x0862,0x0862,0x0862,0x0862,0x0862,0x0862,0x0862,0x4A8B,0xF79E,0xFFFF,
  0xFFFF,0xFFFF,0xFFFF,0xFFFF,0xFFFF,0xFFFF,0xFFFF,0xFFFF,0xFFFF,0xFFFF,0xFFFF,0xFFFF,
  0xFFFF,0xFFFF,0xFFFF,0xFFFF,0xFFFF,0xFFFF,0xFFFF,0xFFFF,0xFFFF,0xFFFF,0xFFFF,0xFFFF,
  0xFFFF,0xFFFF,0xFFFF,0x632D,0x0862,0x0862,0x0862,0x0862,0x0862,0x0862,0x0862,0x0862,
  0x0862,0x0862,0x0862,0x0862,0x0862,0x0862,0x0862,0x0862,0x0862,0x0862,0x0862,0x0862,
  0x0862,0x0862,0x0862,0x0862,0x0862,0x4A8B,0xF79E,0xFFFF,0xFFFF,0xFFFF,0xFFFF,0xFFFF,
  0xFFFF,0xFFFF,0xFFFF,0xFFFF,0xFFFF,0xFFFF,0xFFFF,0xFFFF,0xFFFF,0xFFFF,0xFFFF,0xFFFF,
  0xFFFF,0xFFFF,0xFFFF,0xFFFF,0xFFFF,0xFFFF,0xFFFF,0xFFFF,0xFFFF,0xFFFF,0xFFFF,0x632D,
  0x0862,0x0862,0x0862,0x0862,0x0862,0x0862,0x0862,0x0862,0x0862,0x0862,0x0862,0x0862,
  0x0862,0x0862,0x0862,0x0862,0x0862,0x0862,0x0862,0x0862,0x0862,0x0862,0x0862,0x0862,
  0x0862,0x0862,0x0862,0x0862,0x0862,0x0862,0x0862,0x0862,0x0862,0x0862,0x0862,0x0862,
  0x0862,0x0862,0x0862,0x0862,0x0862,0x0862,0x0862,0x0862,0x0862,0x0862,0x0862,0x0862,
  0x0862,0x0862,0x0862,0x0862,0x0862,0x0862,0x0862,0x0862,0x0862,0x0862,0x0862,0x0862,
  0x0862,0x0862,0x0862,0x0862,0x0862,0x0862,0x0862,0x0862,0x0862,0x0862,0x0862,0x0862,
  0x4A8B,0xF7BF,0xFFFF,0xFFFF,0xFFFF,0xFFFF,0xFFFF,0xFFFF,0xFFFF,0xFFFF,0xFFFF,0xFFFF,
  0xFFFF,0xFFFF,0xFFFF,0xFFFF,0xFFFF,0xFFFF,0xFFFF,0xFFFF,0xFFFF,0xFFFF,0xFFFF,0xFFFF,
  0xFFFF,0xFFFF,0xFFFF,0xFFFF,0xFFFF,0xFFFF,0xFFFF,0xFFFF,0x6B6E,0x0862,0x0862,0x0862,
  0x0862,0x0862,0x0862,0x0862,0x0862,0x0862,0x0862,0x0862,0x0862,0x0862,0x0862,0x0862,
  0x0862,0x0862,0x0862,0x0862,0x0862,0x0862,0x0862,0x0862,0x4A8B,0xF7BF,0xFFFF,0xFFFF,
  0xFFFF,0xFFFF,0xFFFF,0xFFFF,0xFFFF,0xFFFF,0xFFFF,0xFFFF,0xFFFF,0xFFFF,0xFFFF,0xFFFF,
  0xFFFF,0xFFFF,0xFFFF,0xFFFF,0xFFFF,0xFFFF,0xFFFF,0xFFFF,0xFFFF,0xFFFF,0xFFFF,0xFFFF,
  0xFFFF,0xFFFF,0xFFFF,0xFFFF,0x6B6E,0x0862,0x0862,0x0862,0x0862,0x0862,0x0862,0x0862,
  0x0862,0x0862,0x0862,0x0862,0x0862,0x0862,0x0862,0x0862,0x0862,0x0862,0x0862,0x0862,
  0x0862,0x0862,0x0862,0x0862,0x0862,0x0862,0x0862,0x0862,0x0862,0x0862,0x0862,0x0862,
  0x0862,0x0862,0x0862,0x0862,0x0862,0x0862,0x0862,0x0862,0x0862,0x0862,0x0862,0x0862,
  0x0862,0x0862,0x0862,0x0862,0x0862,0x0862,0x0862,0x0862,0x0862,0x0862,0x0862,0x0862,
  0x0862,0x0862,0x0862,0x0862,0x0862,0x0862,0x0862,0x0862,0x0862,0x0862,0x0862,0x0862,
  0x0862,0x0862,0x0862,0x4A8B,0xF7BF,0xFFFF,0xFFFF,0xFFFF,0xFFFF,0xFFFF,0xFFFF,0xFFFF,
  0xFFFF,0xFFFF,0xFFFF,0xFFFF,0xFFFF,0xFFFF,0xFFFF,0xFFFF,0xFFFF,0xFFFF,0xFFFF,0xFFFF,
  0xFFFF,0xFFFF,0xFFFF,0xFFFF,0xFFFF,0xFFFF,0xFFFF,0xFFFF,0xFFFF,0xFFFF,0xFFFF,0xFFFF,
  0xFFFF,0x7BF0,0x0862,0x0862,0x0862,0x0862,0x0862,0x0862,0x0862,0x0862,0x0862,0x0862,
  0x0862,0x0862,0x0862,0x0862,0x0862,0x0862,0x0862,0x0862,0x0862,0x0862,0x0862,0x4A8B,
  0xF7BF,0xFFFF,0xFFFF,0xFFFF,0xFFFF,0xFFFF,0xFFFF,0xFFFF,0xFFFF,0xFFFF,0xFFFF,0xFFFF,
  0xFFFF,0xFFFF,0xFFFF,0xFFFF,0xFFFF,0xFFFF,0xFFFF,0xFFFF,0xFFFF,0xFFFF,0xFFFF,0xFFFF,
  0xFFFF,0xFFFF,0xFFFF,0xFFFF,0xFFFF,0xFFFF,0xFFFF,0xFFFF,0xFFFF,0x7BF0,0x0862,0x0862,
  0x0862,0x0862,0x0862,0x0862,0x0862,0x0862,0x0862,0x0862,0x0862,0x0862,0x0862,0x0862,
  0x0862,0x0862,0x0862,0x0862,0x0862,0x0862,0x0862,0x0862,0x0862,0x0862,0x0862,0x0862,
  0x0862,0x0862,0x0862,0x0862,0x0862,0x0862,0x0862,0x0862,0x0862,0x0862,0x0862,0x0862,
  0x0862,0x0862,0x0862,0x0862,0x0862,0x0862,0x0862,0x0862,0x0862,0x0862,0x0862,0x0862,
  0x0862,0x0862,0x0862,0x0862,0x0862,0x0862,0x0862,0x0862,0x0862,0x0862,0x0862,0x0862,
  0x0862,0x0862,0x0862,0x0862,0x0862,0x0862,0x2946,0xF79E,0xFFFF,0xFFFF,0xFFFF,0xFFFF,
  0xFFFF,0xFFFF,0xFFFF,0xFFFF,0xFFFF,0xFFFF,0xFFFF,0xFFFF,0xFFFF,0xFFFF,0xFFFF,0xFFFF,
  0xFFFF,0xFFFF,0xFFFF,0xFFFF,0xFFFF,0xFFFF,0xFFFF,0xFFFF,0xFFFF,0xFFFF,0xFFFF,0xFFFF,
  0xFFFF,0xFFFF,0xFFFF,0xFFFF,0xFFFF,0xFFFF,0x424A,0x0862,0x0862,0x0862,0x0862,0x0862,
  0x0862,0x0862,0x0862,0x0862,0x0862,0x0862,0x0862,0x0862,0x0862,0x0862,0x0862,0x0862,
  0x0862,0x0862,0x2946,0xF79E,0xFFFF,0xFFFF,0xFFFF,0xFFFF,0xFFFF,0xFFFF,0xFFFF,0xFFFF,
  0xFFFF,0xFFFF,0xFFFF,0xFFFF,0xFFFF,0xFFFF,0xFFFF,0xFFFF,0xFFFF,0xFFFF,0xFFFF,0xFFFF,
  0xFFFF,0xFFFF,0xFFFF,0xFFFF,0xFFFF,0xFFFF,0xFFFF,0xFFFF,0xFFFF,0xFFFF,0xFFFF,0xFFFF,
  0xFFFF,0xFFFF,0x424A,0x0862,0x0862,0x0862,0x0862,0x0862,0x0862,0x0862,0x0862,0x0862,
  0x0862,0x0862,0x0862,0x0862,0x0862,0x0862,0x0862,0x0862,0x0862,0x0862,0x0862,0x0862,
  0x0862,0x0862,0x0862,0x0862,0x0862,0x0862,0x0862,0x0862,0x0862,0x0862,0x0862,0x0862,
  0x0863,0x0863,0x0863,0x0863,0x0863,0x0863,0x0863,0x0863,0x0863,0x0863,0x0863,0x0863,
  0x0863,0x0863,0x0863,0x0863,0x0863,0x0863,0x0863,0x0863,0x0863,0x0863,0x0863,0x0863,
  0x0863,0x0863,0x0863,0x0863,0x0863,0x0863,0x0863,0x0863,0x0863,0x10A3,0xCE59,0xFFFF,
  0xFFFF,0xFFFF,0xFFFF,0xFFFF,0xFFFF,0xFFFF,0xFFFF,0xFFFF,0xFFFF,0xFFFF,0xFFFF,0xFFFF,
  0xFFFF,0xFFFF,0xFFFF,0xFFFF,0xFFFF,0xFFFF,0xFFFF,0xFFFF,0xFFFF,0xFFFF,0xFFFF,0xFFFF,
  0xFFFF,0xFFFF,0xFFFF,0xFFFF,0xFFFF,0xFFFF,0xFFFF,0xFFFF,0xFFFF,0xFFFF,0xEF5D,0x2105,
  0x0863,0x0863,0x0863,0x0863,0x0863,0x0863,0x0863,0x0863,0x0863,0x0863,0x0863,0x0863,
  0x0863,0x0863,0x0863,0x0863,0x0863,0x10A3,0xCE59,0xFFFF,0xFFFF,0xFFFF,0xFFFF,0xFFFF,
  0xFFFF,0xFFFF,0xFFFF,0xFFFF,0xFFFF,0xFFFF,0xFFFF,0xFFFF,0xFFFF,0xFFFF,0xFFFF,0xFFFF,
  0xFFFF,0xFFFF,0xFFFF,0xFFFF,0xFFFF,0xFFFF,0xFFFF,0xFFFF,0xFFFF,0xFFFF,0xFFFF,0xFFFF,
  0xFFFF,0xFFFF,0xFFFF,0xFFFF,0xFFFF,0xFFFF,0xEF5D,0x2105,0x0863,0x0863,0x0863,0x0863,
  0x0863,0x0863,0x0863,0x0863,0x0863,0x0863,0x0863,0x0863,0x0863,0x0863,0x0863,0x0863,
  0x0863,0x0863,0x0863,0x0863,0x0863,0x0863,0x0863,0x0863,0x0863,0x0863,0x0863,0x0863,
  0x0863,0x0863,0x0863,0x0863,0x0863,0x0863,0x0863,0x0863,0x0863,0x0863,0x0863,0x0863,
  0x0863,0x0863,0x0863,0x0863,0x0863,0x0863,0x0863,0x0863,0x0863,0x0863,0x0863,0x0863,
  0x0863,0x0863,0x0863,0x0863,0x0863,0x0863,0x0863,0x0863,0x0863,0x0863,0x0863,0x0863,
  0x0863,0x8C72,0xFFFF,0xFFFF,0xFFFF,0xFFFF,0xFFFF,0xFFFF,0xFFFF,0xFFFF,0xFFFF,0xFFFF,
  0xFFFF,0xFFFF,0xFFFF,0xFFFF,0xFFFF,0xFFFF,0xFFFF,0xFFFF,0xFFFF,0xFFFF,0xFFFF,0xFFFF,
  0xFFFF,0xFFFF,0xFFFF,0xFFFF,0xFFFF,0xFFFF,0xFFFF,0xFFFF,0xFFFF,0xFFFF,0xFFFF,0xFFFF,
  0xFFFF,0xFFFF,0xFFFF,0xBDD7,0x0863,0x0863,0x0863,0x0863,0x0863,0x0863,0x0863,0x0863,
  0x0863,0x0863,0x0863,0x0863,0x0863,0x0863,0x0863,0x0863,0x0863,0x8C72,0xFFFF,0xFFFF,
  0xFFFF,0xFFFF,0xFFFF,0xFFFF,0xFFFF,0xFFFF,0xFFFF,0xFFFF,0xFFFF,0xFFFF,0xFFFF,0xFFFF,
  0xFFFF,0xFFFF,0xFFFF,0xFFFF,0xFFFF,0xFFFF,0xFFFF,0xFFFF,0xFFFF,0xFFFF,0xFFFF,0xFFFF,
  0xFFFF,0xFFFF,0xFFFF,0xFFFF,0xFFFF,0xFFFF,0xFFFF,0xFFFF,0xFFFF,0xFFFF,0xFFFF,0xBDD7,
  0x0863,0x0863,0x0863,0x0863,0x0863,0x0863,0x0863,0x0863,0x0863,0x0863,0x0863,0x0863,
  0x0863,0x0863,0x0863,0x0863,0x0863,0x0863,0x0863,0x0863,0x0863,0x0863,0x0863,0x0863,
  0x0863,0x0863,0x0863,0x0863,0x0863,0x0863,0x0863,0x0863,0x0863,0x0863,0x0863,0x0863,
  0x0863,0x0863,0x0863,0x0863,0x0863,0x0863,0x0863,0x0863,0x0863,0x0863,0x0863,0x0863,
  0x0863,0x0863,0x0863,0x0863,0x0863,0x0863,0x0863,0x0863,0x0863,0x0863,0x0863,0x0863,
  0x0863,0x0863,0x0863,0x0863,0x424A,0xFFFF,0xFFFF,0xFFFF,0xFFFF,0xFFFF,0xFFFF,0xFFFF,
  0xFFFF,0xFFFF,0xFFFF,0xFFFF,0xFFFF,0xFFFF,0xFFFF,0xFFFF,0xFFFF,0xFFFF,0xFFFF,0xFFFF,
  0xFFFF,0xFFFF,0xFFFF,0xFFFF,0xFFFF,0xFFFF,0xFFFF,0xFFFF,0xFFFF,0xFFFF,0xFFFF,0xFFFF,
  0xFFFF,0xFFFF,0xFFFF,0xFFFF,0xFFFF,0xFFFF,0xFFFF,0xFFFF,0x6B6E,0x0863,0x0863,0x0863,
  0x0863,0x0863,0x0863,0x0863,0x0863,0x0863,0x0863,0x0863,0x0863,0x0863,0x0863,0x0863,
  0x424A,0xFFFF,0xFFFF,0xFFFF,0xFFFF,0xFFFF,0xFFFF,0xFFFF,0xFFFF,0xFFFF,0xFFFF,0xFFFF,
  0xFFFF,0xFFFF,0xFFFF,0xFFFF,0xFFFF,0xFFFF,0xFFFF,0xFFFF,0xFFFF,0xFFFF,0xFFFF,0xFFFF,
  0xFFFF,0xFFFF,0xFFFF,0xFFFF,0xFFFF,0xFFFF,0xFFFF,0xFFFF,0xFFFF,0xFFFF,0xFFFF,0xFFFF,
  0xFFFF,0xFFFF,0xFFFF,0xFFFF,0x6B6E,0x0863,0x0863,0x0863,0x0863,0x0863,0x0863,0x0863,
  0x0863,0x0863,0x0863,0x0863,0x0863,0x0863,0x0863,0x0863,0x0863,0x0863,0x0863,0x0863,
  0x0863,0x0863,0x0863,0x0863,0x0863,0x0863,0x0863,0x0863,0x0863,0x0863,0x0863,0x0863,
  0x0863,0x0863,0x0863,0x0863,0x0863,0x0863,0x0863,0x0863,0x0863,0x0863,0x0863,0x0863,
  0x0863,0x0863,0x0863,0x0863,0x0863,0x0863,0x0863,0x0863,0x0863,0x0863,0x0863,0x0863,
  0x0863,0x0863,0x0863,0x0863,0x0863,0x0863,0x0863,0x0863,0xD69A,0xFFFF,0xFFFF,0xFFFF,
  0xFFFF,0xFFFF,0xFFFF,0xFFFF,0xFFFF,0xFFFF,0xFFFF,0xFFFF,0xFFFF,0xFFFF,0xFFFF,0xFFFF,
  0xFFFF,0xFFFF,0xFFFF,0xFFFF,0xFFFF,0xFFFF,0xFFFF,0xFFFF,0xFFFF,0xFFFF,0xFFFF,0xFFFF,
  0xFFFF,0xFFFF,0xFFFF,0xFFFF,0xFFFF,0xFFFF,0xFFFF,0xFFFF,0xFFFF,0xFFFF,0xFFFF,0xFFFF,
  0xEF5D,0x10A3,0x0863,0x0863,0x0863,0x0863,0x0863,0x0863,0x0863,0x0863,0x0863,0x0863,
  0x0863,0x0863,0x0863,0x0863,0xD69A,0xFFFF,0xFFFF,0xFFFF,0xFFFF,0xFFFF,0xFFFF,0xFFFF,
  0xFFFF,0xFFFF,0xFFFF,0xFFFF,0xFFFF,0xFFFF,0xFFFF,0xFFFF,0xFFFF,0xFFFF,0xFFFF,0xFFFF,
  0xFFFF,0xFFFF,0xFFFF,0xFFFF,0xFFFF,0xFFFF,0xFFFF,0xFFFF,0xFFFF,0xFFFF,0xFFFF,0xFFFF,
  0xFFFF,0xFFFF,0xFFFF,0xFFFF,0xFFFF,0xFFFF,0xFFFF,0xFFFF,0xEF5D,0x10A3,0x0863,0x0863,
  0x0863,0x0863,0x0863,0x0863,0x0863,0x0863,0x0863,0x0863,0x0863,0x0863,0x0863,0x0863,
  0x0863,0x0863,0x0863,0x0863,0x0863,0x0863,0x0863,0x0863,0x0863,0x0863,0x0863,0x0863,
  0x0863,0x0863,0x0863,0x0863,0x0863,0x0863,0x0863,0x0863,0x0863,0x0863,0x0863,0x0863,
  0x0863,0x0863,0x0863,0x0863,0x0863,0x0863,0x0863,0x0863,0x0863,0x0863,0x0863,0x0863,
  0x0863,0x0863,0x0863,0x0863,0x0863,0x0863,0x0863,0x0863,0x0863,0x0863,0x0863,0x52CC,
  0xFFFF,0xFFFF,0xFFFF,0xFFFF,0xFFFF,0xFFFF,0xFFFF,0xFFFF,0xFFFF,0xFFFF,0xFFFF,0xFFFF,
  0xFFFF,0xFFFF,0xFFFF,0xFFFF,0xFFFF,0xFFFF,0xD79F,0xCF7F,0xCF7F,0xCF7F,0xCF7F,0xFFFF,
  0xFFFF,0xFFFF,0xFFFF,0xFFFF,0xFFFF,0xFFFF,0xFFFF,0xFFFF,0xFFFF,0xFFFF,0xFFFF,0xFFFF,
  0xFFFF,0xFFFF,0xFFFF,0xFFFF,0xFFFF,0x73AF,0x0863,0x0863,0x0863,0x0863,0x0863,0x0863,
  0x0863,0x0863,0x0863,0x0863,0x0863,0x0863,0x0863,0x52CC,0xFFFF,0xFFFF,0xFFFF,0xFFFF,
  0xFFFF,0xFFFF,0xFFFF,0xFFFF,0xFFFF,0xFFFF,0xFFFF,0xFFFF,0xFFFF,0xFFFF,0xFFFF,0xFFFF,
  0xFFFF,0xFFFF,0xD79F,0xCF7F,0xCF7F,0xCF7F,0xCF7F,0xFFFF,0xFFFF,0xFFFF,0xFFFF,0xFFFF,
  0xFFFF,0xFFFF,0xFFFF,0xFFFF,0xFFFF,0xFFFF,0xFFFF,0xFFFF,0xFFFF,0xFFFF,0xFFFF,0xFFFF,
  0xFFFF,0x73AF,0x0863,0x0863,0x0863,0x0863,0x0863,0x0863,0x0863,0x0863,0x0863,0x0863,
  0x0863,0x0863,0x0863,0x0863,0x0863,0x0863,0x0863,0x0863,0x0863,0x0863,0x0863,0x0863,
  0x0863,0x0863,0x0863,0x0863,0x0863,0x0863,0x0863,0x0863,0x0863,0x0863,0x0863,0x0863,
  0x0863,0x0863,0x0863,0x0863,0x0863,0x0863,0x0863,0x0863,0x0863,0x0863,0x0863,0x0863,
  0x0863,0x0863,0x0863,0x0863,0x0863,0x0863,0x0863,0x0863,0x0863,0x0863,0x0863,0x0863,
  0x0863,0x0863,0x0863,0xD69A,0xFFFF,0xFFFF,0xFFFF,0xFFFF,0xFFFF,0xFFFF,0xFFFF,0xFFFF,
  0xFFFF,0xFFFF,0xFFFF,0xFFFF,0xFFFF,0xFFFF,0xEFDF,0xAF3F,0x769F,0x3DFF,0x3DFF,0x3DFF,
  0x3DFF,0x3DFF,0x3DFF,0x3DFF,0x667F,0xA71F,0xE7BF,0xFFFF,0xFFFF,0xFFFF,0xFFFF,0xFFFF,
  0xFFFF,0xFFFF,0xFFFF,0xFFFF,0xFFFF,0xFFFF,0xFFFF,0xFFFF,0xFFFF,0xEF5D,0x10A4,0x0863,
  0x0863,0x0863,0x0863,0x0863,0x0863,0x0863,0x0863,0x0863,0x0863,0x0863,0x0863,0xD69A,
  0xFFFF,0xFFFF,0xFFFF,0xFFFF,0xFFFF,0xFFFF,0xFFFF,0xFFFF,0xFFFF,0xFFFF,0xFFFF,0xFFFF,
  0xFFFF,0xFFFF,0xEFDF,0xAF3F,0x769F,0x3DFF,0x3DFF,0x3DFF,0x3DFF,0x3DFF,0x3DFF,0x3DFF,
  0x667F,0xA71F,0xE7BF,0xFFFF,0xFFFF,0xFFFF,0xFFFF,0xFFFF,0xFFFF,0xFFFF,0xFFFF,0xFFFF,
  0xFFFF,0xFFFF,0xFFFF,0xFFFF,0xFFFF,0xEF5D,0x10A4,0x0863,0x0863,0x0863,0x0863,0x0863,
  0x0863,0x0863,0x0863,0x0863,0x0863,0x0863,0x0863,0x0863,0x0863,0x0863,0x0863,0x0863,
  0x0863,0x0863,0x0863,0x0863,0x0863,0x0863,0x0863,0x0863,0x0863,0x0863,0x0863,0x0863,
  0x0863,0x0863,0x0863,0x0863,0x0863,0x0863,0x0863,0x0863,0x0863,0x0863,0x0863,0x0863,
  0x0863,0x0863,0x0863,0x0863,0x0863,0x0863,0x0863,0x0863,0x0863,0x0863,0x0863,0x0863,
  0x0863,0x0863,0x0863,0x0863,0x0863,0x0863,0x52CC,0xFFFF,0xFFFF,0xFFFF,0xFFFF,0xFFFF,
  0xFFFF,0xFFFF,0xFFFF,0xFFFF,0xFFFF,0xFFFF,0xFFFF,0xFFFF,0xF7DF,0x9EFF,0x461F,0x3DFF,
  0x3DFF,0x3DFF,0x3DFF,0x665F,0x6E7F,0x665F,0x3DFF,0x3DFF,0x3DFF,0x3DFF,0x3DFF,0x8EDF,
  0xEFDF,0xFFFF,0xFFFF,0xFFFF,0xFFFF,0xFFFF,0xFFFF,0xFFFF,0xFFFF,0xFFFF,0xFFFF,0xFFFF,
  0xFFFF,0xFFFF,0x73AF,0x0863,0x0863,0x0863,0x0863,0x0863,0x0863,0x0863,0x0863,0x0863,
  0x0863,0x0863,0x52CC,0xFFFF,0xFFFF,0xFFFF,0xFFFF,0xFFFF,0xFFFF,0xFFFF,0xFFFF,0xFFFF,
  0xFFFF,0xFFFF,0xFFFF,0xFFFF,0xF7DF,0x9EFF,0x461F,0x3DFF,0x3DFF,0x3DFF,0x3DFF,0x665F,
  0x6E7F,0x665F,0x3DFF,0x3DFF,0x3DFF,0x3DFF,0x3DFF,0x8EDF,0xEFDF,0xFFFF,0xFFFF,0xFFFF,
  0xFFFF,0xFFFF,0xFFFF,0xFFFF,0xFFFF,0xFFFF,0xFFFF,0xFFFF,0xFFFF,0xFFFF,0x73AF,0x0863,
  0x0863,0x0863,0x0863,0x0863,0x0863,0x0863,0x0863,0x0863,0x0863,0x0863,0x0863,0x0863,
  0x0863,0x0863,0x0863,0x0863,0x0863,0x0863,0x0863,0x0863,0x0863,0x0863,0x0863,0x0863,
  0x0863,0x0863,0x0863,0x0863,0x0863,0x0863,0x0863,0x0863,0x0863,0x0863,0x0863,0x0863,
  0x0863,0x0863,0x0863,0x0863,0x0863,0x0863,0x0863,0x0863,0x0863,0x0863,0x0863,0x0863,
  0x0863,0x0863,0x0863,0x0863,0x0863,0x0863,0x0863,0x0863,0x0863,0x0863,0xB596,0xFFFF,
  0xFFFF,0xFFFF,0xFFFF,0xFFFF,0xFFFF,0xFFFF,0xFFFF,0xFFFF,0xFFFF,0xFFFF,0xFFFF,0xCF7F,
  0x4E1F,0x3DFF,0x3DFF,0x3DFF,0x3DFF,0x4E1F,0xCF7F,0xFFFF,0xFFFF,0xFFFF,0xD79F,0x5E5F,
  0x3DFF,0x3DFF,0x3DFF,0x3DFF,0x461F,0xBF5F,0xFFFF,0xFFFF,0xFFFF,0xFFFF,0xFFFF,0xFFFF,
  0xFFFF,0xFFFF,0xFFFF,0xFFFF,0xFFFF,0xFFFF,0xCE59,0x0863,0x0863,0x0863,0x0863,0x0863,
  0x0863,0x0863,0x0863,0x0863,0x0863,0x0863,0xB596,0xFFFF,0xFFFF,0xFFFF,0xFFFF,0xFFFF,
  0xFFFF,0xFFFF,0xFFFF,0xFFFF,0xFFFF,0xFFFF,0xFFFF,0xCF7F,0x4E1F,0x3DFF,0x3DFF,0x3DFF,
  0x3DFF,0x4E1F,0xCF7F,0xFFFF,0xFFFF,0xFFFF,0xD79F,0x5E5F,0x3DFF,0x3DFF,0x3DFF,0x3DFF,
  0x461F,0xBF5F,0xFFFF,0xFFFF,0xFFFF,0xFFFF,0xFFFF,0xFFFF,0xFFFF,0xFFFF,0xFFFF,0xFFFF,
  0xFFFF,0xFFFF,0xCE59,0x0863,0x0863,0x0863,0x0863,0x0863,0x0863,0x0863,0x0863,0x0863,
  0x0863,0x0863,0x0863,0x0863,0x0863,0x0863,0x0863,0x0863,0x0863,0x0863,0x0863,0x0863,
  0x0863,0x0863,0x0863,0x0863,0x0863,0x0863,0x0863,0x0863,0x0863,0x0863,0x0863,0x0863,
  0x0863,0x0863,0x0863,0x0863,0x0863,0x0863,0x0863,0x0863,0x0863,0x0863,0x0863,0x0863,
  0x0863,0x0863,0x0863,0x0863,0x0863,0x0863,0x0863,0x0863,0x0863,0x0863,0x0863,0x0863,
  0x0863,0x0863,0xF79E,0xFFFF,0xFFFF,0xFFFF,0xFFFF,0xFFFF,0xFFFF,0xFFFF,0xFFFF,0xFFFF,
  0xFFFF,0xFFFF,0xB73F,0x461F,0x3DFF,0x3DFF,0x3DFF,0x3DFF,0x3DFF,0xCF7F,0xFFFF,0xFFFF,
  0xFFFF,0xFFFF,0xFFFF,0xE7BF,0x461F,0x3DFF,0x3DFF,0x3DFF,0x3DFF,0x3DFF,0x9EFF,0xFFFF,
  0xFFFF,0xFFFF,0xFFFF,0xFFFF,0xFFFF,0xFFFF,0xFFFF,0xFFFF,0xFFFF,0xFFFF,0xFFFF,0x18C4,
  0x0863,0x0863,0x0863,0x0863,0x0863,0x0863,0x0863,0x0863,0x0863,0x0863,0xF79E,0xFFFF,
  0xFFFF,0xFFFF,0xFFFF,0xFFFF,0xFFFF,0xFFFF,0xFFFF,0xFFFF,0xFFFF,0xFFFF,0xB73F,0x461F,
  0x3DFF,0x3DFF,0x3DFF,0x3DFF,0x3DFF,0xCF7F,0xFFFF,0xFFFF,0xFFFF,0xFFFF,0xFFFF,0xE7BF,
  0x461F,0x3DFF,0x3DFF,0x3DFF,0x3DFF,0x3DFF,0x9EFF,0xFFFF,0xFFFF,0xFFFF,0xFFFF,0xFFFF,
  0xFFFF,0xFFFF,0xFFFF,0xFFFF,0xFFFF,0xFFFF,0xFFFF,0x18C4,0x0863,0x0863,0x0863,0x0863,
  0x0863,0x0863,0x0863,0x0863,0x0863,0x0863,0x0863,0x0863,0x0863,0x0863,0x0863,0x0863,
  0x0863,0x0863,0x0863,0x0863,0x0863,0x0863,0x0863,0x0863,0x0863,0x0863,0x0863,0x0863,
  0x0863,0x0863,0x0863,0x0863,0x0863,0x0863,0x0863,0x0863,0x0863,0x0863,0x0863,0x0863,
  0x0863,0x0863,0x0863,0x0863,0x0863,0x0863,0x0863,0x0863,0x0863,0x0863,0x0863,0x0863,
  0x0863,0x0863,0x0863,0x0863,0x0863,0x39C8,0xFFFF,0xFFFF,0xFFFF,0xFFFF,0xFFFF,0xFFFF,
  0xFFFF,0xFFFF,0xFFFF,0xFFFF,0xFFFF,0xB73F,0x3DFF,0x3DFF,0x3DFF,0x3DFF,0x3DFF,0x3DFF,
  0x667F,0xFFFF,0xFFFF,0xFFFF,0xFFFF,0xFFFF,0xFFFF,0xFFFF,0x7E9F,0x3DFF,0x3DFF,0x3DFF,
  0x3DFF,0x3DFF,0x3DFF,0x96DF,0xFFFF,0xFFFF,0xFFFF,0xFFFF,0xFFFF,0xFFFF,0xFFFF,0xFFFF,
  0xFFFF,0xFFFF,0xFFFF,0x52CC,0x0863,0x0863,0x0863,0x0863,0x0863,0x0863,0x0863,0x0863,
  0x0863,0x39C8,0xFFFF,0xFFFF,0xFFFF,0xFFFF,0xFFFF,0xFFFF,0xFFFF,0xFFFF,0xFFFF,0xFFFF,
  0xFFFF,0xB73F,0x3DFF,0x3DFF,0x3DFF,0x3DFF,0x3DFF,0x3DFF,0x667F,0xFFFF,0xFFFF,0xFFFF,
  0xFFFF,0xFFFF,0xFFFF,0xFFFF,0x7E9F,0x3DFF,0x3DFF,0x3DFF,0x3DFF,0x3DFF,0x3DFF,0x96DF,
  0xFFFF,0xFFFF,0xFFFF,0xFFFF,0xFFFF,0xFFFF,0xFFFF,0xFFFF,0xFFFF,0xFFFF,0xFFFF,0x52CC,
  0x0863,0x0863,0x0863,0x0863,0x0863,0x0863,0x0863,0x0863,0x0863,0x0863,0x0863,0x0863,
  0x0863,0x0863,0x0863,0x0863,0x0863,0x0863,0x0863,0x0863,0x0863,0x0863,0x0863,0x0863,
  0x0863,0x0863,0x0863,0x0863,0x0863,0x0863,0x0863,0x0863,0x0863,0x0863,0x0863,0x0863,
  0x0863,0x0863,0x0863,0x0863,0x0863,0x0863,0x0863,0x0863,0x0863,0x0863,0x0863,0x0863,
  0x0863,0x0863,0x0863,0x0863,0x0863,0x0863,0x0863,0x0863,0x0863,0x8431,0xFFFF,0xFFFF,
  0xFFFF,0xFFFF,0xFFFF,0xFFFF,0xFFFF,0xFFFF,0xFFFF,0xFFFF,0xCF7F,0x461F,0x3DFF,0x3DFF,
  0x3DFF,0x3DFF,0x3DFF,0x3DFF,0x8EDF,0xFFFF,0xFFFF,0xFFFF,0xFFFF,0xFFFF,0xFFFF,0xFFFF,
  0x9EFF,0x3DFF,0x3DFF,0x3DFF,0x3DFF,0x3DFF,0x3DFF,0x3DFF,0xAF3F,0xFFFF,0xFFFF,0xFFFF,
  0xFFFF,0xFFFF,0xFFFF,0xFFFF,0xFFFF,0xFFFF,0xFFFF,0xA535,0x0863,0x0863,0x0863,0x0863,
  0x0863,0x0863,0x0863,0x0863,0x0863,0x8431,0xFFFF,0xFFFF,0xFFFF,0xFFFF,0xFFFF,0xFFFF,
  0xFFFF,0xFFFF,0xFFFF,0xFFFF,0xCF7F,0x461F,0x3DFF,0x3DFF,0x3DFF,0x3DFF,0x3DFF,0x3DFF,
  0x8EDF,0xFFFF,0xFFFF,0xFFFF,0xFFFF,0xFFFF,0xFFFF,0xFFFF,0x9EFF,0x3DFF,0x3DFF,0x3DFF,
  0x3DFF,0x3DFF,0x3DFF,0x3DFF,0xAF3F,0xFFFF,0xFFFF,0xFFFF,0xFFFF,0xFFFF,0xFFFF,0xFFFF,
  0xFFFF,0xFFFF,0xFFFF,0xA535,0x0863,0x0863,0x0863,0x0863,0x0863,0x0863,0x0863,0x0863,
  0x0863,0x0863,0x0863,0x0863,0x0863,0x0863,0x0863,0x0863,0x0863,0x0863,0x0863,0x0863,
  0x0863,0x0863,0x0863,0x0863,0x0863,0x0863,0x0863,0x0863,0x0863,0x0863,0x0863,0x0863,
  0x0863,0x0863,0x0863,0x0863,0x0863,0x0863,0x0863,0x0863,0x0863,0x0863,0x0863,0x0863,
  0x0863,0x0863,0x0863,0x0863,0x0863,0x0863,0x0863,0x0863,0x0863,0x0863,0x0863,0x0863,
  0x0863,0xC618,0xFFFF,0xFFFF,0xFFFF,0xFFFF,0xFFFF,0xFFFF,0xFFFF,0xFFFF,0xFFFF,0xEFDF,
  0x4E1F,0x3DFF,0x3DFF,0x3DFF,0x3DFF,0x3DFF,0x3DFF,0x3DFF,0x769F,0xFFFF,0xFFFF,0xFFFF,
  0xFFFF,0xFFFF,0xFFFF,0xFFFF,0x86BF,0x3DFF,0x3DFF,0x3DFF,0x3DFF,0x3DFF,0x3DFF,0x3DFF,
  0x461F,0xDF9F,0xFFFF,0xFFFF,0xFFFF,0xFFFF,0xFFFF,0xFFFF,0xFFFF,0xFFFF,0xFFFF,0xE71C,
  0x0863,0x0863,0x0863,0x0863,0x0863,0x0863,0x0863,0x0863,0x0863,0xC618,0xFFFF,0xFFFF,
  0xFFFF,0xFFFF,0xFFFF,0xFFFF,0xFFFF,0xFFFF,0xFFFF,0xEFDF,0x4E1F,0x3DFF,0x3DFF,0x3DFF,
  0x3DFF,0x3DFF,0x3DFF,0x3DFF,0x769F,0xFFFF,0xFFFF,0xFFFF,0xFFFF,0xFFFF,0xFFFF,0xFFFF,
  0x86BF,0x3DFF,0x3DFF,0x3DFF,0x3DFF,0x3DFF,0x3DFF,0x3DFF,0x461F,0xDF9F,0xFFFF,0xFFFF,
  0xFFFF,0xFFFF,0xFFFF,0xFFFF,0xFFFF,0xFFFF,0xFFFF,0xE71C,0x0863,0x0863,0x0863,0x0863,
  0x0863,0x0863,0x0863,0x0863,0x0863,0x0863,0x0863,0x0863,0x0863,0x0863,0x0863,0x0863,
  0x0863,0x0863,0x0863,0x0863,0x0863,0x0863,0x0863,0x0863,0x0863,0x0863,0x0863,0x0863,
  0x0863,0x0863,0x0863,0x0863,0x0863,0x0863,0x0863,0x0863,0x0863,0x0863,0x0863,0x0863,
  0x0863,0x0863,0x0863,0x0863,0x0863,0x0863,0x0863,0x0863,0x0863,0x0863,0x0863,0x0863,
  0x0863,0x0863,0x0863,0x0863,0x0863,0xF7BF,0xFFFF,0xFFFF,0xFFFF,0xFFFF,0xFFFF,0xFFFF,
  0xFFFF,0xFFFF,0xFFFF,0x96DF,0x3DFF,0x3DFF,0x3DFF,0x3DFF,0x3DFF,0x3DFF,0x3DFF,0x3DFF,
  0x461F,0xE7BF,0xFFFF,0xFFFF,0xFFFF,0xFFFF,0xFFFF,0xFFFF,0x4E3F,0x3DFF,0x3DFF,0x3DFF,
  0x3DFF,0x3DFF,0x3DFF,0x3DFF,0x3DFF,0x7E9F,0xFFFF,0xFFFF,0xFFFF,0xFFFF,0xFFFF,0xFFFF,
  0xFFFF,0xFFFF,0xFFFF,0xFFFF,0x2126,0x0863,0x0863,0x0863,0x0863,0x0863,0x0863,0x0863,
  0x0863,0xF7BF,0xFFFF,0xFFFF,0xFFFF,0xFFFF,0xFFFF,0xFFFF,0xFFFF,0xFFFF,0xFFFF,0x96DF,
  0x3DFF,0x3DFF,0x3DFF,0x3DFF,0x3DFF,0x3DFF,0x3DFF,0x3DFF,0x461F,0xE7BF,0xFFFF,0xFFFF,
  0xFFFF,0xFFFF,0xFFFF,0xFFFF,0x4E3F,0x3DFF,0x3DFF,0x3DFF,0x3DFF,0x3DFF,0x3DFF,0x3DFF,
  0x3DFF,0x7E9F,0xFFFF,0xFFFF,0xFFFF,0xFFFF,0xFFFF,0xFFFF,0xFFFF,0xFFFF,0xFFFF,0xFFFF,
  0x2126,0x0863,0x0863,0x0863,0x0863,0x0863,0x0863,0x0863,0x0863,0x0863,0x0863,0x0863,
  0x0863,0x0863,0x0863,0x0863,0x0863,0x0863,0x0863,0x0863,0x0863,0x0863,0x0863,0x0863,
  0x0863,0x0863,0x0863,0x0863,0x0863,0x0863,0x0863,0x0863,0x0863,0x0863,0x0863,0x0863,
  0x0863,0x0863,0x0863,0x0863,0x0863,0x0863,0x0863,0x0863,0x0863,0x0863,0x0863,0x0863,
  0x0863,0x0863,0x0863,0x0863,0x0863,0x0863,0x0863,0x0863,0x18E5,0xFFFF,0xFFFF,0xFFFF,
  0xFFFF,0xFFFF,0xFFFF,0xFFFF,0xFFFF,0xFFFF,0xEFDF,0x461F,0x3DFF,0x3DFF,0x3DFF,0x3DFF,
  0x3DFF,0x3DFF,0x3DFF,0x3DFF,0x3DFF,0x667F,0xEFDF,0xFFFF,0xFFFF,0xFFFF,0xFFFF,0x7EBF,
  0x3DFF,0x3DFF,0x3DFF,0x3DFF,0x3DFF,0x3DFF,0x3DFF,0x3DFF,0x3DFF,0x3DFF,0xDF9F,0xFFFF,
  0xFFFF,0xFFFF,0xFFFF,0xFFFF,0xFFFF,0xFFFF,0xFFFF,0xFFFF,0x39C8,0x0863,0x0863,0x0863,
  0x0863,0x0863,0x0863,0x0863,0x18E5,0xFFFF,0xFFFF,0xFFFF,0xFFFF,0xFFFF,0xFFFF,0xFFFF,
  0xFFFF,0xFFFF,0xEFDF,0x461F,0x3DFF,0x3DFF,0x3DFF,0x3DFF,0x3DFF,0x3DFF,0x3DFF,0x3DFF,
  0x3DFF,0x667F,0xEFDF,0xFFFF,0xFFFF,0xFFFF,0xFFFF,0x7EBF,0x3DFF,0x3DFF,0x3DFF,0x3DFF,
  0x3DFF,0x3DFF,0x3DFF,0x3DFF,0x3DFF,0x3DFF,0xDF9F,0xFFFF,0xFFFF,0xFFFF,0xFFFF,0xFFFF,
  0xFFFF,0xFFFF,0xFFFF,0xFFFF,0x39C8,0x0863,0x0863,0x0863,0x0863,0x0863,0x0863,0x0863,
  0x0863,0x0863,0x0863,0x0863,0x0863,0x0863,0x0863,0x0863,0x0863,0x0863,0x0863,0x0863,
  0x0863,0x0863,0x0863,0x0863,0x0863,0x0863,0x0863,0x0863,0x0863,0x0863,0x0863,0x0863,
  0x0863,0x0863,0x0863,0x0863,0x0863,0x0863,0x0863,0x0863,0x0863,0x0863,0x0863,0x0863,
  0x0863,0x0863,0x0863,0x0863,0x0863,0x0863,0x0863,0x0863,0x0863,0x0863,0x0863,0x0863,
  0x2946,0xFFFF,0xFFFF,0xFFFF,0xFFFF,0xFFFF,0xFFFF,0xFFFF,0xFFFF,0xFFFF,0xA71F,0x3DFF,
  0x3DFF,0x3DFF,0x3DFF,0x3DFF,0x3DFF,0x3DFF,0x3DFF,0x3DFF,0x3DFF,0x23D4,0x1905,0x73AF,
  0x8431,0x73AF,0x1925,0x2351,0x3DFF,0x3DFF,0x3DFF,0x3DFF,0x3DFF,0x3DFF,0x3DFF,0x3DFF,
  0x3DFF,0x3DFF,0x8EDF,0xFFFF,0xFFFF,0xFFFF,0xFFFF,0xFFFF,0xFFFF,0xFFFF,0xFFFF,0xFFFF,
  0x424A,0x0863,0x0863,0x0863,0x0863,0x0863,0x0863,0x0863,0x2946,0xFFFF,0xFFFF,0xFFFF,
  0xFFFF,0xFFFF,0xFFFF,0xFFFF,0xFFFF,0xFFFF,0xA71F,0x3DFF,0x3DFF,0x3DFF,0x3DFF,0x3DFF,
  0x3DFF,0x3DFF,0x3DFF,0x3DFF,0x3DFF,0x23D4,0x1905,0x73AF,0x8431,0x73AF,0x1925,0x2351,
  0x3DFF,0x3DFF,0x3DFF,0x3DFF,0x3DFF,0x3DFF,0x3DFF,0x3DFF,0x3DFF,0x3DFF,0x8EDF,0xFFFF,
  0xFFFF,0xFFFF,0xFFFF,0xFFFF,0xFFFF,0xFFFF,0xFFFF,0xFFFF,0x424A,0x0863,0x0863,0x0863,
  0x0863,0x0863,0x0863,0x0863,0x0863,0x0863,0x0863,0x0863,0x0863,0x0863,0x0863,0x0863,
  0x0863,0x0863,0x0863,0x0863,0x0863,0x0863,0x0863,0x0863,0x0863,0x0863,0x0863,0x0863,
  0x0863,0x0863,0x0863,0x0863,0x0863,0x0863,0x0863,0x0863,0x0863,0x0863,0x0863,0x0863,
  0x0863,0x0863,0x0863,0x0863,0x0863,0x0863,0x0863,0x0863,0x0863,0x0863,0x0863,0x0863,
  0x0863,0x0863,0x0863,0x0863,0x424A,0xFFFF,0xFFFF,0xFFFF,0xFFFF,0xFFFF,0xFFFF,0xFFFF,
  0xFFFF,0xFFFF,0x667F,0x3DFF,0x3DFF,0x3DFF,0x3DFF,0x3DFF,0x3DFF,0x3DFF,0x3DFF,0x3DFF,
  0x11EA,0x0042,0x0042,0x0042,0x0042,0x0042,0x0042,0x0042,0x1188,0x3DDF,0x3DFF,0x3DFF,
  0x3DFF,0x3DFF,0x3DFF,0x3DFF,0x3DFF,0x3DFF,0x4E3F,0xFFFF,0xFFFF,0xFFFF,0xFFFF,0xFFFF,
  0xFFFF,0xFFFF,0xFFFF,0xFFFF,0x634E,0x0863,0x0863,0x0863,0x0863,0x0863,0x0863,0x0863,
  0x424A,0xFFFF,0xFFFF,0xFFFF,0xFFFF,0xFFFF,0xFFFF,0xFFFF,0xFFFF,0xFFFF,0x667F,0x3DFF,
  0x3DFF,0x3DFF,0x3DFF,0x3DFF,0x3DFF,0x3DFF,0x3DFF,0x3DFF,0x11EA,0x0042,0x0042,0x0042,
  0x0042,0x0042,0x0042,0x0042,0x1188,0x3DDF,0x3DFF,0x3DFF,0x3DFF,0x3DFF,0x3DFF,0x3DFF,
  0x3DFF,0x3DFF,0x4E3F,0xFFFF,0xFFFF,0xFFFF,0xFFFF,0xFFFF,0xFFFF,0xFFFF,0xFFFF,0xFFFF,
  0x634E,0x0863,0x0863,0x0863,0x0863,0x0863,0x0863,0x0863,0x0863,0x0863,0x0863,0x0863,
  0x0863,0x0863,0x0863,0x0863,0x0863,0x0863,0x0863,0x0863,0x0863,0x0863,0x0863,0x0863,
  0x0863,0x0863,0x0863,0x0863,0x0863,0x0863,0x0863,0x0863,0x0863,0x0863,0x0863,0x0863,
  0x0863,0x0863,0x0863,0x0863,0x0863,0x0863,0x0863,0x0863,0x0863,0x0863,0x0863,0x0863,
  0x0863,0x0863,0x0863,0x0863,0x0863,0x0863,0x0863,0x0863,0x5B0D,0xFFFF,0xFFFF,0xFFFF,
  0xFFFF,0xFFFF,0xFFFF,0xFFFF,0xFFFF,0xF7DF,0x3DFF,0x3DFF,0x3DFF,0x3DFF,0x3DFF,0x3DFF,
  0x3DFF,0x3DFF,0x3DFF,0x23B3,0x0042,0x0042,0x0042,0x0042,0x0042,0x0042,0x0042,0x0042,
  0x0042,0x1AF0,0x3DFF,0x3DFF,0x3DFF,0x3DFF,0x3DFF,0x3DFF,0x3DFF,0x3DFF,0x3DFF,0xDF9F,
  0xFFFF,0xFFFF,0xFFFF,0xFFFF,0xFFFF,0xFFFF,0xFFFF,0xFFFF,0x7BF0,0x0863,0x0863,0x0863,
  0x0863,0x0863,0x0863,0x0863,0x5B0D,0xFFFF,0xFFFF,0xFFFF,0xFFFF,0xFFFF,0xFFFF,0xFFFF,
  0xFFFF,0xF7DF,0x3DFF,0x3DFF,0x3DFF,0x3DFF,0x3DFF,0x3DFF,0x3DFF,0x3DFF,0x3DFF,0x23B3,
  0x0042,0x0042,0x0042,0x0042,0x0042,0x0042,0x0042,0x0042,0x0042,0x1AF0,0x3DFF,0x3DFF,
  0x3DFF,0x3DFF,0x3DFF,0x3DFF,0x3DFF,0x3DFF,0x3DFF,0xDF9F,0xFFFF,0xFFFF,0xFFFF,0xFFFF,
  0xFFFF,0xFFFF,0xFFFF,0xFFFF,0x7BF0,0x0863,0x0863,0x0863,0x0863,0x0863,0x0863,0x0863,
  0x0863,0x0863,0x0863,0x0863,0x0863,0x0863,0x0863,0x0863,0x0863,0x0863,0x0863,0x0863,
  0x0863,0x0863,0x0863,0x0863,0x0863,0x0863,0x0863,0x0863,0x0863,0x0863,0x0863,0x0863,
  0x0863,0x0863,0x0863,0x0863,0x0863,0x0863,0x0863,0x0863,0x0863,0x0863,0x0863,0x0863,
  0x0863,0x0863,0x0863,0x0863,0x0863,0x0863,0x0863,0x0863,0x0863,0x0863,0x0863,0x0863,
  0x6B8F,0xFFFF,0xFFFF,0xFFFF,0xFFFF,0xFFFF,0xFFFF,0xFFFF,0xFFFF,0xD79F,0x3DFF,0x3DFF,
  0x3DFF,0x3DFF,0x3DFF,0x3DFF,0x3DFF,0x3DFF,0x3DFF,0x0863,0x0042,0x0042,0x0042,0x0042,
  0x0042,0x0042,0x0042,0x0042,0x0042,0x0042,0x357D,0x3DFF,0x3DFF,0x3DFF,0x3DFF,0x3DFF,
  0x3DFF,0x3DFF,0x3DFF,0xBF5F,0xFFFF,0xFFFF,0xFFFF,0xFFFF,0xFFFF,0xFFFF,0xFFFF,0xFFFF,
  0x8431,0x0863,0x0863,0x0863,0x0863,0x0863,0x0863,0x0863,0x6B8F,0xFFFF,0xFFFF,0xFFFF,
  0xFFFF,0xFFFF,0xFFFF,0xFFFF,0xFFFF,0xD79F,0x3DFF,0x3DFF,0x3DFF,0x3DFF,0x3DFF,0x3DFF,
  0x3DFF,0x3DFF,0x3DFF,0x0863,0x0042,0x0042,0x0042,0x0042,0x0042,0x0042,0x0042,0x0042,
  0x0042,0x0042,0x357D,0x3DFF,0x3DFF,0x3DFF,0x3DFF,0x3DFF,0x3DFF,0x3DFF,0x3DFF,0xBF5F,
  0xFFFF,0xFFFF,0xFFFF,0xFFFF,0xFFFF,0xFFFF,0xFFFF,0xFFFF,0x8431,0x0863,0x0863,0x0863,
  0x0863,0x0863,0x0863,0x0863,0x0863,0x0863,0x0863,0x0863,0x0863,0x0863,0x0863,0x0863,
  0x0863,0x0863,0x0863,0x0863,0x0863,0x0863,0x0863,0x0863,0x0863,0x0863,0x0863,0x0863,
  0x0863,0x0863,0x0863,0x0863,0x0863,0x0863,0x0863,0x0863,0x0863,0x0863,0x0863,0x0863,
  0x0863,0x0863,0x0863,0x0863,0x0863,0x0863,0x0863,0x0863,0x0863,0x0863,0x0863,0x0863,
  0x0863,0x0863,0x0863,0x0863,0x634E,0xFFFF,0xFFFF,0xFFFF,0xFFFF,0xFFFF,0xFFFF,0xFFFF,
  0xFFFF,0xC75F,0x3DFF,0x3DFF,0x3DFF,0x3DFF,0x3DFF,0x3DFF,0x3DFF,0x3DFF,0x34FA,0x0042,
  0x0042,0x0042,0x0042,0x0042,0x0042,0x0042,0x0042,0x0042,0x0042,0x0042,0x2C36,0x3DFF,
  0x3DFF,0x3DFF,0x3DFF,0x3DFF,0x3DFF,0x3DFF,0x3DFF,0xAF1F,0xFFFF,0xFFFF,0xFFFF,0xFFFF,
  0xFFFF,0xFFFF,0xFFFF,0xFFFF,0x8431,0x0863,0x0863,0x0863,0x0863,0x0863,0x0863,0x0863,
  0x634E,0xFFFF,0xFFFF,0xFFFF,0xFFFF,0xFFFF,0xFFFF,0xFFFF,0xFFFF,0xC75F,0x3DFF,0x3DFF,
  0x3DFF,0x3DFF,0x3DFF,0x3DFF,0x3DFF,0x3DFF,0x34FA,0x0042,0x0042,0x0042,0x0042,0x0042,
  0x0042,0x0042,0x0042,0x0042,0x0042,0x0042,0x2C36,0x3DFF,0x3DFF,0x3DFF,0x3DFF,0x3DFF,
  0x3DFF,0x3DFF,0x3DFF,0xAF1F,0xFFFF,0xFFFF,0xFFFF,0xFFFF,0xFFFF,0xFFFF,0xFFFF,0xFFFF,
  0x8431,0x0863,0x0863,0x0863,0x0863,0x0863,0x0863,0x0863,0x0863,0x0863,0x0863,0x0863,
  0x0863,0x0863,0x0863,0x0863,0x0863,0x0863,0x0863,0x0863,0x0863,0x0863,0x0863,0x0863,
  0x0863,0x0863,0x0863,0x0863,0x0863,0x0863,0x0863,0x0863,0x0863,0x0863,0x0863,0x0863,
  0x0863,0x0863,0x0863,0x0863,0x0863,0x0863,0x0863,0x0863,0x0863,0x0863,0x0863,0x0863,
  0x0863,0x0863,0x0863,0x0863,0x0863,0x0863,0x0863,0x0863,0x4A4A,0xFFFF,0xFFFF,0xFFFF,
  0xFFFF,0xFFFF,0xFFFF,0xFFFF,0xFFFF,0xAF3F,0x3DFF,0x3DFF,0x3DFF,0x3DFF,0x3DFF,0x3DFF,
  0x3DFF,0x3DFF,0x23B3,0x0042,0x0042,0x0042,0x0042,0x0042,0x0042,0x0042,0x0042,0x0042,
  0x0042,0x0042,0x2310,0x3DFF,0x3DFF,0x3DFF,0x3DFF,0x3DFF,0x3DFF,0x3DFF,0x3DFF,0x9EFF,
  0xFFFF,0xFFFF,0xFFFF,0xFFFF,0xFFFF,0xFFFF,0xFFFF,0xFFFF,0x634E,0x0863,0x0863,0x0863,
  0x0863,0x0863,0x0863,0x0863,0x4A4A,0xFFFF,0xFFFF,0xFFFF,0xFFFF,0xFFFF,0xFFFF,0xFFFF,
  0xFFFF,0xAF3F,0x3DFF,0x3DFF,0x3DFF,0x3DFF,0x3DFF,0x3DFF,0x3DFF,0x3DFF,0x23B3,0x0042,
  0x0042,0x0042,0x0042,0x0042,0x0042,0x0042,0x0042,0x0042,0x0042,0x0042,0x2310,0x3DFF,
  0x3DFF,0x3DFF,0x3DFF,0x3DFF,0x3DFF,0x3DFF,0x3DFF,0x9EFF,0xFFFF,0xFFFF,0xFFFF,0xFFFF,
  0xFFFF,0xFFFF,0xFFFF,0xFFFF,0x634E,0x0863,0x0863,0x0863,0x0863,0x0863,0x0863,0x0863,
  0x0863,0x0863,0x0863,0x0863,0x0863,0x0863,0x0863,0x0863,0x0863,0x0863,0x0863,0x0863,
  0x0863,0x0863,0x0863,0x0863,0x0863,0x0863,0x0863,0x0863,0x0863,0x0863,0x0863,0x0863,
  0x0863,0x0863,0x0863,0x0863,0x0863,0x0863,0x0863,0x0863,0x0863,0x0863,0x0863,0x0863,
  0x0863,0x0863,0x0863,0x0863,0x0863,0x0863,0x0863,0x0863,0x0863,0x0863,0x0863,0x0863,
  0x31A8,0xFFFF,0xFFFF,0xFFFF,0xFFFF,0xFFFF,0xFFFF,0xFFFF,0xFFFF,0xBF5F,0x3DFF,0x3DFF,
  0x3DFF,0x3DFF,0x3DFF,0x3DFF,0x3DFF,0x3DFF,0x2C98,0x0042,0x0042,0x0042,0x0042,0x0042,
  0x0042,0x0042,0x0042,0x0042,0x0042,0x0042,0x23D4,0x3DFF,0x3DFF,0x3DFF,0x3DFF,0x3DFF,
  0x3DFF,0x3DFF,0x3DFF,0xA71F,0xFFFF,0xFFFF,0xFFFF,0xFFFF,0xFFFF,0xFFFF,0xFFFF,0xFFFF,
  0x528B,0x0863,0x0863,0x0863,0x0863,0x0863,0x0863,0x0863,0x31A8,0xFFFF,0xFFFF,0xFFFF,
  0xFFFF,0xFFFF,0xFFFF,0xFFFF,0xFFFF,0xBF5F,0x3DFF,0x3DFF,0x3DFF,0x3DFF,0x3DFF,0x3DFF,
  0x3DFF,0x3DFF,0x2C98,0x0042,0x0042,0x0042,0x0042,0x0042,0x0042,0x0042,0x0042,0x0042,
  0x0042,0x0042,0x23D4,0x3DFF,0x3DFF,0x3DFF,0x3DFF,0x3DFF,0x3DFF,0x3DFF,0x3DFF,0xA71F,
  0xFFFF,0xFFFF,0xFFFF,0xFFFF,0xFFFF,0xFFFF,0xFFFF,0xFFFF,0x528B,0x0863,0x0863,0x0863,
  0x0863,0x0863,0x0863,0x0863,0x0863,0x0863,0x0863,0x0863,0x0863,0x0863,0x0863,0x0863,
  0x0863,0x0863,0x0863,0x0863,0x0863,0x0863,0x0863,0x0863,0x0863,0x0863,0x0863,0x0863,
  0x0863,0x0863,0x0863,0x0863,0x0863,0x0863,0x0863,0x0863,0x0863,0x0863,0x0863,0x0863,
  0x0863,0x0863,0x0863,0x0863,0x0863,0x0863,0x0863,0x0863,0x0863,0x0863,0x0863,0x0863,
  0x0863,0x0863,0x0863,0x0863,0x2126,0xFFFF,0xFFFF,0xFFFF,0xFFFF,0xFFFF,0xFFFF,0xFFFF,
  0xFFFF,0xCF7F,0x3DFF,0x3DFF,0x3DFF,0x3DFF,0x3DFF,0x3DFF,0x3DFF,0x3DFF,0x3DDF,0x0042,
  0x0042,0x0042,0x0042,0x0042,0x0042,0x0042,0x0042,0x0042,0x0042,0x0042,0x351B,0x3DFF,
  0x3DFF,0x3DFF,0x3DFF,0x3DFF,0x3DFF,0x3DFF,0x3DFF,0xB73F,0xFFFF,0xFFFF,0xFFFF,0xFFFF,
  0xFFFF,0xFFFF,0xFFFF,0xFFFF,0x4209,0x0863,0x0863,0x0863,0x0863,0x0863,0x0863,0x0863,
  0x2126,0xFFFF,0xFFFF,0xFFFF,0xFFFF,0xFFFF,0xFFFF,0xFFFF,0xFFFF,0xCF7F,0x3DFF,0x3DFF,
  0x3DFF,0x3DFF,0x3DFF,0x3DFF,0x3DFF,0x3DFF,0x3DDF,0x0042,0x0042,0x0042,0x0042,0x0042,
  0x0042,0x0042,0x0042,0x0042,0x0042,0x0042,0x351B,0x3DFF,0x3DFF,0x3DFF,0x3DFF,0x3DFF,
  0x3DFF,0x3DFF,0x3DFF,0xB73F,0xFFFF,0xFFFF,0xFFFF,0xFFFF,0xFFFF,0xFFFF,0xFFFF,0xFFFF,
  0x4209,0x0863,0x0863,0x0863,0x0863,0x0863,0x0863,0x0863,0x0863,0x0863,0x0863,0x0863,
  0x0863,0x0863,0x0863,0x0863,0x0863,0x0863,0x0863,0x0863,0x0863,0x0863,0x0863,0x0863,
  0x0863,0x0863,0x0863,0x0863,0x0863,0x0863,0x0863,0x0863,0x0863,0x0863,0x0863,0x0863,
  0x0863,0x0863,0x0863,0x0863,0x0863,0x0863,0x0863,0x0863,0x0863,0x0863,0x0863,0x0863,
  0x0863,0x0863,0x0863,0x0863,0x0863,0x0863,0x0863,0x0863,0x0863,0xFFFF,0xFFFF,0xFFFF,
  0xFFFF,0xFFFF,0xFFFF,0xFFFF,0xFFFF,0xEFDF,0x3DFF,0x3DFF,0x3DFF,0x3DFF,0x3DFF,0x3DFF,
  0x3DFF,0x3DFF,0x3DFF,0x1A8E,0x0042,0x0042,0x0042,0x0042,0x0042,0x0042,0x0042,0x0042,
  0x0042,0x11EA,0x3DFF,0x3DFF,0x3DFF,0x3DFF,0x3DFF,0x3DFF,0x3DFF,0x3DFF,0x3DFF,0xD79F,
  0xFFFF,0xFFFF,0xFFFF,0xFFFF,0xFFFF,0xFFFF,0xFFFF,0xFFFF,0x2967,0x0863,0x0863,0x0863,
  0x0863,0x0863,0x0863,0x0863,0x0863,0xFFFF,0xFFFF,0xFFFF,0xFFFF,0xFFFF,0xFFFF,0xFFFF,
  0xFFFF,0xEFDF,0x3DFF,0x3DFF,0x3DFF,0x3DFF,0x3DFF,0x3DFF,0x3DFF,0x3DFF,0x3DFF,0x1A8E,
  0x0042,0x0042,0x0042,0x0042,0x0042,0x0042,0x0042,0x0042,0x0042,0x11EA,0x3DFF,0x3DFF,
  0x3DFF,0x3DFF,0x3DFF,0x3DFF,0x3DFF,0x3DFF,0x3DFF,0xD79F,0xFFFF,0xFFFF,0xFFFF,0xFFFF,
  0xFFFF,0xFFFF,0xFFFF,0xFFFF,0x2967,0x0863,0x0863,0x0863,0x0863,0x0863,0x0863,0x0863,
  0x0863,0x0863,0x0863,0x0863,0x0863,0x0863,0x0863,0x0863,0x0863,0x0863,0x0863,0x0863,
  0x0863,0x0863,0x0863,0x0863,0x0863,0x0863,0x0863,0x0863,0x0863,0x0863,0x0863,0x0863,
  0x0863,0x0863,0x0863,0x0863,0x0863,0x0863,0x0863,0x0863,0x0863,0x0863,0x0863,0x0863,
  0x0863,0x0863,0x0863,0x0863,0x0863,0x0863,0x0863,0x0863,0x0863,0x0863,0x0863,0x0863,
  0x0863,0xD69A,0xFFFF,0xFFFF,0xFFFF,0xFFFF,0xFFFF,0xFFFF,0xFFFF,0xFFFF,0x563F,0x3DFF,
  0x3DFF,0x3DFF,0x3DFF,0x3DFF,0x3DFF,0x3DFF,0x3DFF,0x3DDF,0x08C4,0x0042,0x0042,0x0042,
  0x0042,0x0042,0x0042,0x0042,0x08A3,0x357D,0x3DFF,0x3DFF,0x3DFF,0x3DFF,0x3DFF,0x3DFF,
  0x3DFF,0x3DFF,0x461F,0xFFFF,0xFFFF,0xFFFF,0xFFFF,0xFFFF,0xFFFF,0xFFFF,0xFFFF,0xF79E,
  0x0863,0x0863,0x0863,0x0863,0x0863,0x0863,0x0863,0x0863,0x0863,0xD69A,0xFFFF,0xFFFF,
  0xFFFF,0xFFFF,0xFFFF,0xFFFF,0xFFFF,0xFFFF,0x563F,0x3DFF,0x3DFF,0x3DFF,0x3DFF,0x3DFF,
  0x3DFF,0x3DFF,0x3DFF,0x3DDF,0x08C4,0x0042,0x0042,0x0042,0x0042,0x0042,0x0042,0x0042,
  0x08A3,0x357D,0x3DFF,0x3DFF,0x3DFF,0x3DFF,0x3DFF,0x3DFF,0x3DFF,0x3DFF,0x461F,0xFFFF,
  0xFFFF,0xFFFF,0xFFFF,0xFFFF,0xFFFF,0xFFFF,0xFFFF,0xF79E,0x0863,0x0863,0x0863,0x0863,
  0x0863,0x0863,0x0863,0x0863,0x0863,0x0863,0x0863,0x0863,0x0863,0x0863,0x0863,0x0863,
  0x0863,0x0863,0x0863,0x0863,0x0863,0x0863,0x0863,0x0863,0x0863,0x0863,0x0863,0x0863,
  0x0863,0x0863,0x0863,0x0863,0x0863,0x0863,0x0863,0x0863,0x0863,0x0863,0x0863,0x0863,
  0x0863,0x0863,0x0863,0x0863,0x0863,0x0863,0x0863,0x0863,0x0863,0x0863,0x0863,0x0863,
  0x0863,0x0863,0x0863,0x0863,0x0863,0x94B3,0xFFFF,0xFFFF,0xFFFF,0xFFFF,0xFFFF,0xFFFF,
  0xFFFF,0xFFFF,0x96DF,0x3DFF,0x3DFF,0x3DFF,0x3DFF,0x3DFF,0x3DFF,0x3DFF,0x3DFF,0x3DFF,
  0x3D9E,0x1A6D,0x0042,0x0042,0x0042,0x0042,0x0042,0x11EA,0x357D,0x3DFF,0x3DFF,0x3DFF,
  0x3DFF,0x3DFF,0x3DFF,0x3DFF,0x3DFF,0x3DFF,0x7E9F,0xFFFF,0xFFFF,0xFFFF,0xFFFF,0xFFFF,
  0xFFFF,0xFFFF,0xFFFF,0xB597,0x0863,0x0863,0x0863,0x0863,0x0863,0x0863,0x0863,0x0863,
  0x0863,0x94B3,0xFFFF,0xFFFF,0xFFFF,0xFFFF,0xFFFF,0xFFFF,0xFFFF,0xFFFF,0x96DF,0x3DFF,
  0x3DFF,0x3DFF,0x3DFF,0x3DFF,0x3DFF,0x3DFF,0x3DFF,0x3DFF,0x3D9E,0x1A6D,0x0042,0x0042,
  0x0042,0x0042,0x0042,0x11EA,0x357D,0x3DFF,0x3DFF,0x3DFF,0x3DFF,0x3DFF,0x3DFF,0x3DFF,
  0x3DFF,0x3DFF,0x7E9F,0xFFFF,0xFFFF,0xFFFF,0xFFFF,0xFFFF,0xFFFF,0xFFFF,0xFFFF,0xB597,
  0x0863,0x0863,0x0863,0x0863,0x0863,0x0863,0x0863,0x0863,0x0863,0x0863,0x0863,0x0863,
  0x0863,0x0863,0x0863,0x0863,0x0863,0x0863,0x0863,0x0863,0x0863,0x0863,0x0863,0x0863,
  0x0863,0x0863,0x0863,0x0863,0x0863,0x0863,0x0863,0x0863,0x0863,0x0863,0x0863,0x0863,
  0x0863,0x0863,0x0863,0x0863,0x0863,0x0863,0x0863,0x0863,0x0863,0x0863,0x0863,0x0863,
  0x0863,0x0863,0x0863,0x0863,0x0863,0x0863,0x0863,0x0863,0x0863,0x4A4A,0xFFFF,0xFFFF,
  0xFFFF,0xFFFF,0xFFFF,0xFFFF,0xFFFF,0xFFFF,0xDF9F,0x3DFF,0x3DFF,0x3DFF,0x3DFF,0x3DFF,
  0x3DFF,0x3DFF,0x3DFF,0x3DFF,0x3DFF,0x3DFF,0x34FA,0x23B3,0x2310,0x2372,0x34B9,0x3DFF,
  0x3DFF,0x3DFF,0x3DFF,0x3DFF,0x3DFF,0x3DFF,0x3DFF,0x3DFF,0x3DFF,0x3DFF,0xC75F,0xFFFF,
  0xFFFF,0xFFFF,0xFFFF,0xFFFF,0xFFFF,0xFFFF,0xFFFF,0x634E,0x0863,0x0863,0x0863,0x0863,
  0x0863,0x0863,0x0863,0x0863,0x0863,0x4A4A,0xFFFF,0xFFFF,0xFFFF,0xFFFF,0xFFFF,0xFFFF,
  0xFFFF,0xFFFF,0xDF9F,0x3DFF,0x3DFF,0x3DFF,0x3DFF,0x3DFF,0x3DFF,0x3DFF,0x3DFF,0x3DFF,
  0x3DFF,0x3DFF,0x34FA,0x23B3,0x2310,0x2372,0x34B9,0x3DFF,0x3DFF,0x3DFF,0x3DFF,0x3DFF,
  0x3DFF,0x3DFF,0x3DFF,0x3DFF,0x3DFF,0x3DFF,0xC75F,0xFFFF,0xFFFF,0xFFFF,0xFFFF,0xFFFF,
  0xFFFF,0xFFFF,0xFFFF,0x634E,0x0863,0x0863,0x0863,0x0863,0x0863,0x0863,0x0863,0x0863,
  0x0863,0x0863,0x0863,0x0863,0x0863,0x0863,0x0863,0x0863,0x0863,0x0863,0x0863,0x0863,
  0x0863,0x0863,0x0863,0x0863,0x0863,0x0863,0x0863,0x0863,0x0863,0x0863,0x0863,0x0863,
  0x0863,0x0863,0x0863,0x0863,0x0863,0x0863,0x0863,0x0863,0x0863,0x0863,0x0863,0x0863,
  0x0863,0x0863,0x0863,0x0863,0x0863,0x0863,0x0863,0x0863,0x0863,0x0863,0x0863,0x0863,
  0x0863,0x10A4,0xF7BF,0xFFFF,0xFFFF,0xFFFF,0xFFFF,0xFFFF,0xFFFF,0xFFFF,0xFFFF,0x7E9F,
  0x3DFF,0x3DFF,0x3DFF,0x3DFF,0x3DFF,0x3DFF,0x3DFF,0x3DFF,0x3DFF,0x3DFF,0x3DFF,0x3DFF,
  0x3DFF,0x3DFF,0x3DFF,0x3DFF,0x3DFF,0x3DFF,0x3DFF,0x3DFF,0x3DFF,0x3DFF,0x3DFF,0x3DFF,
  0x3DFF,0x665F,0xFFFF,0xFFFF,0xFFFF,0xFFFF,0xFFFF,0xFFFF,0xFFFF,0xFFFF,0xFFFF,0x2967,
  0x0863,0x0863,0x0863,0x0863,0x0863,0x0863,0x0863,0x0863,0x0863,0x10A4,0xF7BF,0xFFFF,
  0xFFFF,0xFFFF,0xFFFF,0xFFFF,0xFFFF,0xFFFF,0xFFFF,0x7E9F,0x3DFF,0x3DFF,0x3DFF,0x3DFF,
  0x3DFF,0x3DFF,0x3DFF,0x3DFF,0x3DFF,0x3DFF,0x3DFF,0x3DFF,0x3DFF,0x3DFF,0x3DFF,0x3DFF,
  0x3DFF,0x3DFF,0x3DFF,0x3DFF,0x3DFF,0x3DFF,0x3DFF,0x3DFF,0x3DFF,0x665F,0xFFFF,0xFFFF,
  0xFFFF,0xFFFF,0xFFFF,0xFFFF,0xFFFF,0xFFFF,0xFFFF,0x2967,0x0863,0x0863,0x0863,0x0863,
  0x0863,0x0863,0x0863,0x0863,0x0863,0x0863,0x0863,0x0863,0x0863,0x0863,0x0863,0x0863,
  0x0863,0x0863,0x0863,0x0863,0x0863,0x0863,0x0863,0x0863,0x0863,0x0863,0x0863,0x0863,
  0x0863,0x0863,0x0863,0x0863,0x0863,0x0863,0x0863,0x0863,0x0863,0x0863,0x0863,0x0863,
  0x0863,0x0863,0x0863,0x0863,0x0863,0x0863,0x0863,0x0863,0x0863,0x0863,0x0863,0x0863,
  0x0863,0x0863,0x0863,0x0863,0x0863,0x0863,0xC618,0xFFFF,0xFFFF,0xFFFF,0xFFFF,0xFFFF,
  0xFFFF,0xFFFF,0xFFFF,0xDF9F,0x3DFF,0x3DFF,0x3DFF,0x3DFF,0x3DFF,0x3DFF,0x3DFF,0x3DFF,
  0x3DFF,0x3DFF,0x3DFF,0x3DFF,0x3DFF,0x3DFF,0x3DFF,0x3DFF,0x3DFF,0x3DFF,0x3DFF,0x3DFF,
  0x3DFF,0x3DFF,0x3DFF,0x3DFF,0x3DFF,0xC75F,0xFFFF,0xFFFF,0xFFFF,0xFFFF,0xFFFF,0xFFFF,
  0xFFFF,0xFFFF,0xE71C,0x0863,0x0863,0x0863,0x0863,0x0863,0x0863,0x0863,0x0863,0x0863,
  0x0863,0x0863,0xC618,0xFFFF,0xFFFF,0xFFFF,0xFFFF,0xFFFF,0xFFFF,0xFFFF,0xFFFF,0xDF9F,
  0x3DFF,0x3DFF,0x3DFF,0x3DFF,0x3DFF,0x3DFF,0x3DFF,0x3DFF,0x3DFF,0x3DFF,0x3DFF,0x3DFF,
  0x3DFF,0x3DFF,0x3DFF,0x3DFF,0x3DFF,0x3DFF,0x3DFF,0x3DFF,0x3DFF,0x3DFF,0x3DFF,0x3DFF,
  0x3DFF,0xC75F,0xFFFF,0xFFFF,0xFFFF,0xFFFF,0xFFFF,0xFFFF,0xFFFF,0xFFFF,0xE71C,0x0863,
  0x0863,0x0863,0x0863,0x0863,0x0863,0x0863,0x0863,0x0863,0x0863,0x0863,0x0863,0x0863,
  0x0863,0x0863,0x0863,0x0863,0x0863,0x0863,0x0863,0x0863,0x0863,0x0863,0x0863,0x0863,
  0x0863,0x0863,0x0863,0x0863,0x0863,0x0863,0x0863,0x0863,0x0863,0x0863,0x0863,0x0863,
  0x0863,0x0863,0x0863,0x0863,0x0863,0x0863,0x0863,0x0863,0x0863,0x0863,0x0863,0x0863,
  0x0863,0x0863,0x0863,0x0863,0x0863,0x0863,0x0863,0x0863,0x0863,0x0863,0x73D0,0xFFFF,
  0xFFFF,0xFFFF,0xFFFF,0xFFFF,0xFFFF,0xFFFF,0xFFFF,0xFFFF,0xA71F,0x3DFF,0x3DFF,0x3DFF,
  0x3DFF,0x3DFF,0x3DFF,0x3DFF,0x3DFF,0x3DFF,0x3DFF,0x3DFF,0x3DFF,0x3DFF,0x3DFF,0x3DFF,
  0x3DFF,0x3DFF,0x3DFF,0x3DFF,0x3DFF,0x3DFF,0x3DFF,0x3DFF,0x8EDF,0xFFFF,0xFFFF,0xFFFF,
  0xFFFF,0xFFFF,0xFFFF,0xFFFF,0xFFFF,0xFFFF,0x8C72,0x0863,0x0863,0x0863,0x0863,0x0863,
  0x0863,0x0863,0x0863,0x0863,0x0863,0x0863,0x73D0,0xFFFF,0xFFFF,0xFFFF,0xFFFF,0xFFFF,
  0xFFFF,0xFFFF,0xFFFF,0xFFFF,0xA71F,0x3DFF,0x3DFF,0x3DFF,0x3DFF,0x3DFF,0x3DFF,0x3DFF,
  0x3DFF,0x3DFF,0x3DFF,0x3DFF,0x3DFF,0x3DFF,0x3DFF,0x3DFF,0x3DFF,0x3DFF,0x3DFF,0x3DFF,
  0x3DFF,0x3DFF,0x3DFF,0x3DFF,0x8EDF,0xFFFF,0xFFFF,0xFFFF,0xFFFF,0xFFFF,0xFFFF,0xFFFF,
  0xFFFF,0xFFFF,0x8C72,0x0863,0x0863,0x0863,0x0863,0x0863,0x0863,0x0863,0x0863,0x0863,
  0x0863,0x0863,0x0863,0x0863,0x0863,0x0863,0x0863,0x0863,0x0863,0x0863,0x0863,0x0863,
  0x0863,0x0863,0x0863,0x0863,0x0863,0x0863,0x0863,0x0863,0x0863,0x0863,0x0863,0x0863,
  0x0863,0x0863,0x0863,0x0863,0x0863,0x0863,0x0863,0x0863,0x0863,0x0863,0x0863,0x0863,
  0x0863,0x0863,0x0863,0x0863,0x0863,0x0863,0x0863,0x0863,0x0863,0x0863,0x0863,0x0863,
  0x0863,0x0863,0x10A4,0xEF5D,0xFFFF,0xFFFF,0xFFFF,0xFFFF,0xFFFF,0xFFFF,0xFFFF,0xFFFF,
  0xFFFF,0x7EBF,0x3DFF,0x3DFF,0x3DFF,0x3DFF,0x3DFF,0x3DFF,0x3DFF,0x3DFF,0x3DFF,0x3DFF,
  0x3DFF,0x3DFF,0x3DFF,0x3DFF,0x3DFF,0x3DFF,0x3DFF,0x3DFF,0x3DFF,0x3DFF,0x3DFF,0x667F,
  0xFFFF,0xFFFF,0xFFFF,0xFFFF,0xFFFF,0xFFFF,0xFFFF,0xFFFF,0xFFFF,0xF7BF,0x2126,0x0863,
  0x0863,0x0863,0x0863,0x0863,0x0863,0x0863,0x0863,0x0863,0x0863,0x0863,0x10A4,0xEF5D,
  0xFFFF,0xFFFF,0xFFFF,0xFFFF,0xFFFF,0xFFFF,0xFFFF,0xFFFF,0xFFFF,0x7EBF,0x3DFF,0x3DFF,
  0x3DFF,0x3DFF,0x3DFF,0x3DFF,0x3DFF,0x3DFF,0x3DFF,0x3DFF,0x3DFF,0x3DFF,0x3DFF,0x3DFF,
  0x3DFF,0x3DFF,0x3DFF,0x3DFF,0x3DFF,0x3DFF,0x3DFF,0x667F,0xFFFF,0xFFFF,0xFFFF,0xFFFF,
  0xFFFF,0xFFFF,0xFFFF,0xFFFF,0xFFFF,0xF7BF,0x2126,0x0863,0x0863,0x0863,0x0863,0x0863,
  0x0863,0x0863,0x0863,0x0863,0x0863,0x0863,0x0863,0x0863,0x0863,0x0863,0x0863,0x0863,
  0x0863,0x0863,0x0863,0x0863,0x0863,0x0863,0x0863,0x0863,0x0863,0x0863,0x0863,0x0863,
  0x0863,0x0863,0x0863,0x0863,0x0863,0x0863,0x0863,0x0863,0x0863,0x0863,0x0863,0x0863,
  0x0863,0x0863,0x0863,0x0863,0x0863,0x0863,0x0863,0x0863,0x0863,0x0863,0x0863,0x0863,
  0x0863,0x0863,0x0863,0x0863,0x0863,0x0863,0x0863,0x73D0,0xFFFF,0xFFFF,0xFFFF,0xFFFF,
  0xFFFF,0xFFFF,0xFFFF,0xFFFF,0xFFFF,0xFFFF,0x7EBF,0x3DFF,0x3DFF,0x3DFF,0x3DFF,0x3DFF,
  0x3DFF,0x3DFF,0x3DFF,0x3DFF,0x3DFF,0x3DFF,0x3DFF,0x3DFF,0x3DFF,0x3DFF,0x3DFF,0x3DFF,
  0x3DFF,0x3DFF,0x667F,0xF7DF,0xFFFF,0xFFFF,0xFFFF,0xFFFF,0xFFFF,0xFFFF,0xFFFF,0xFFFF,
  0xFFFF,0x94B3,0x0863,0x0863,0x0863,0x0863,0x0863,0x0863,0x0863,0x0863,0x0863,0x0863,
  0x0863,0x0863,0x0863,0x73D0,0xFFFF,0xFFFF,0xFFFF,0xFFFF,0xFFFF,0xFFFF,0xFFFF,0xFFFF,
  0xFFFF,0xFFFF,0x7EBF,0x3DFF,0x3DFF,0x3DFF,0x3DFF,0x3DFF,0x3DFF,0x3DFF,0x3DFF,0x3DFF,
  0x3DFF,0x3DFF,0x3DFF,0x3DFF,0x3DFF,0x3DFF,0x3DFF,0x3DFF,0x3DFF,0x3DFF,0x667F,0xF7DF,
  0xFFFF,0xFFFF,0xFFFF,0xFFFF,0xFFFF,0xFFFF,0xFFFF,0xFFFF,0xFFFF,0x94B3,0x0863,0x0863,
  0x0863,0x0863,0x0863,0x0863,0x0863,0x0863,0x0863,0x0863,0x0863,0x0863,0x0863,0x0863,
  0x0863,0x0863,0x0863,0x0863,0x0863,0x0863,0x0863,0x0863,0x0863,0x0863,0x0863,0x0863,
  0x0863,0x0863,0x0863,0x0863,0x0863,0x0863,0x0863,0x0863,0x0863,0x0863,0x0863,0x0863,
  0x0863,0x0863,0x0863,0x0863,0x0863,0x0863,0x0863,0x0863,0x0863,0x0863,0x0863,0x0863,
  0x0863,0x0863,0x0863,0x0863,0x0863,0x0863,0x0863,0x0863,0x0863,0x0863,0x0863,0x10A4,
  0xEF5D,0xFFFF,0xFFFF,0xFFFF,0xFFFF,0xFFFF,0xFFFF,0xFFFF,0xFFFF,0xFFFF,0xFFFF,0x9EFF,
  0x3DFF,0x3DFF,0x3DFF,0x3DFF,0x3DFF,0x3DFF,0x3DFF,0x3DFF,0x3DFF,0x3DFF,0x3DFF,0x3DFF,
  0x3DFF,0x3DFF,0x3DFF,0x3DFF,0x3DFF,0x8EDF,0xFFFF,0xFFFF,0xFFFF,0xFFFF,0xFFFF,0xFFFF,
  0xFFFF,0xFFFF,0xFFFF,0xFFFF,0xF7BF,0x2126,0x0863,0x0863,0x0863,0x0863,0x0863,0x0863,
  0x0863,0x0863,0x0863,0x0863,0x0863,0x0863,0x0863,0x10A4,0xEF5D,0xFFFF,0xFFFF,0xFFFF,
  0xFFFF,0xFFFF,0xFFFF,0xFFFF,0xFFFF,0xFFFF,0xFFFF,0x9EFF,0x3DFF,0x3DFF,0x3DFF,0x3DFF,
  0x3DFF,0x3DFF,0x3DFF,0x3DFF,0x3DFF,0x3DFF,0x3DFF,0x3DFF,0x3DFF,0x3DFF,0x3DFF,0x3DFF,
  0x3DFF,0x8EDF,0xFFFF,0xFFFF,0xFFFF,0xFFFF,0xFFFF,0xFFFF,0xFFFF,0xFFFF,0xFFFF,0xFFFF,
  0xF7BF,0x2126,0x0863,0x0863,0x0863,0x0863,0x0863,0x0863,0x0863,0x0863,0x0863,0x0863,
  0x0863,0x0863,0x0863,0x0863,0x0863,0x0863,0x0863,0x0863,0x0863,0x0863,0x0863,0x0863,
  0x0863,0x0863,0x0863,0x0863,0x0863,0x0863,0x0863,0x0863,0x0863,0x0863,0x0863,0x0863,
  0x0863,0x0863,0x0863,0x0863,0x0863,0x0863,0x0863,0x0863,0x0863,0x0863,0x0863,0x0863,
  0x0863,0x0863,0x0863,0x0863,0x0863,0x0863,0x0863,0x0863,0x0863,0x0863,0x0863,0x0863,
  0x0863,0x0863,0x0863,0x0863,0x73D0,0xFFFF,0xFFFF,0xFFFF,0xFFFF,0xFFFF,0xFFFF,0xFFFF,
  0xFFFF,0xFFFF,0xFFFF,0xFFFF,0xCF7F,0x6E7F,0x3DFF,0x3DFF,0x3DFF,0x3DFF,0x3DFF,0x3DFF,
  0x3DFF,0x3DFF,0x3DFF,0x3DFF,0x3DFF,0x3DFF,0x3DFF,0x5E5F,0xC75F,0xFFFF,0xFFFF,0xFFFF,
  0xFFFF,0xFFFF,0xFFFF,0xFFFF,0xFFFF,0xFFFF,0xFFFF,0xFFFF,0x94B3,0x0863,0x0863,0x0863,
  0x0863,0x0863,0x0863,0x0863,0x0863,0x0863,0x0863,0x0863,0x0863,0x0863,0x0863,0x0863,
  0x73D0,0xFFFF,0xFFFF,0xFFFF,0xFFFF,0xFFFF,0xFFFF,0xFFFF,0xFFFF,0xFFFF,0xFFFF,0xFFFF,
  0xCF7F,0x6E7F,0x3DFF,0x3DFF,0x3DFF,0x3DFF,0x3DFF,0x3DFF,0x3DFF,0x3DFF,0x3DFF,0x3DFF,
  0x3DFF,0x3DFF,0x3DFF,0x5E5F,0xC75F,0xFFFF,0xFFFF,0xFFFF,0xFFFF,0xFFFF,0xFFFF,0xFFFF,
  0xFFFF,0xFFFF,0xFFFF,0xFFFF,0x94B3,0x0863,0x0863,0x0863,0x0863,0x0863,0x0863,0x0863,
  0x0863,0x0863,0x0863,0x0863,0x0863,0x0863,0x0863,0x0863,0x0863,0x0863,0x0863,0x0863,
  0x0863,0x0863,0x0863,0x0863,0x0863,0x0863,0x0863,0x0863,0x0863,0x0863,0x0863,0x0863,
  0x0863,0x0863,0x0863,0x0863,0x0863,0x0863,0x0863,0x0863,0x0863,0x0863,0x0863,0x0863,
  0x0863,0x0863,0x0863,0x0863,0x0863,0x0863,0x0863,0x0863,0x0863,0x0863,0x0863,0x0863,
  0x0863,0x0863,0x0863,0x0863,0x0863,0x0863,0x0863,0x0863,0x0863,0xC618,0xFFFF,0xFFFF,
  0xFFFF,0xFFFF,0xFFFF,0xFFFF,0xFFFF,0xFFFF,0xFFFF,0xFFFF,0xFFFF,0xFFFF,0xC75F,0x7EBF,
  0x461F,0x3DFF,0x3DFF,0x3DFF,0x3DFF,0x3DFF,0x3DFF,0x3DFF,0x3DFF,0x769F,0xB73F,0xFFFF,
  0xFFFF,0xFFFF,0xFFFF,0xFFFF,0xFFFF,0xFFFF,0xFFFF,0xFFFF,0xFFFF,0xFFFF,0xFFFF,0xE71C,
  0x18E5,0x0863,0x0863,0x0863,0x0863,0x0863,0x0863,0x0863,0x0863,0x0863,0x0863,0x0863,
  0x0863,0x0863,0x0863,0x0863,0x0863,0xC618,0xFFFF,0xFFFF,0xFFFF,0xFFFF,0xFFFF,0xFFFF,
  0xFFFF,0xFFFF,0xFFFF,0xFFFF,0xFFFF,0xFFFF,0xC75F,0x7EBF,0x461F,0x3DFF,0x3DFF,0x3DFF,
  0x3DFF,0x3DFF,0x3DFF,0x3DFF,0x3DFF,0x769F,0xB73F,0xFFFF,0xFFFF,0xFFFF,0xFFFF,0xFFFF,
  0xFFFF,0xFFFF,0xFFFF,0xFFFF,0xFFFF,0xFFFF,0xFFFF,0xE71C,0x18E5,0x0863,0x0863,0x0863,
  0x0863,0x0863,0x0863,0x0863,0x0863,0x0863,0x0863,0x0863,0x0863,0x0863,0x0863,0x0863,
  0x0863,0x0863,0x0863,0x0863,0x0863,0x0863,0x0863,0x0863,0x0863,0x0863,0x0863,0x0863,
  0x0863,0x0863,0x0863,0x0863,0x0863,0x0863,0x0863,0x0863,0x0863,0x0863,0x0863,0x0863,
  0x0863,0x0863,0x0863,0x0863,0x0863,0x0863,0x0863,0x0863,0x0863,0x0863,0x0863,0x0863,
  0x0863,0x0863,0x0863,0x0863,0x0863,0x0863,0x0863,0x0863,0x0863,0x0863,0x0863,0x0863,
  0x0863,0x2126,0xEF5D,0xFFFF,0xFFFF,0xFFFF,0xFFFF,0xFFFF,0xFFFF,0xFFFF,0xFFFF,0xFFFF,
  0xFFFF,0xFFFF,0xFFFF,0xFFFF,0xFFFF,0xCF7F,0xA71F,0x9EFF,0x9EFF,0x9EFF,0x9EFF,0xCF7F,
  0xFFFF,0xFFFF,0xFFFF,0xFFFF,0xFFFF,0xFFFF,0xFFFF,0xFFFF,0xFFFF,0xFFFF,0xFFFF,0xFFFF,
  0xFFFF,0xFFFF,0xFFFF,0x4229,0x0863,0x0863,0x0863,0x0863,0x0863,0x0863,0x0863,0x0863,
  0x0863,0x0863,0x0863,0x0863,0x0863,0x0863,0x0863,0x0863,0x0863,0x2126,0xEF5D,0xFFFF,
  0xFFFF,0xFFFF,0xFFFF,0xFFFF,0xFFFF,0xFFFF,0xFFFF,0xFFFF,0xFFFF,0xFFFF,0xFFFF,0xFFFF,
  0xFFFF,0xCF7F,0xA71F,0x9EFF,0x9EFF,0x9EFF,0x9EFF,0xCF7F,0xFFFF,0xFFFF,0xFFFF,0xFFFF,
  0xFFFF,0xFFFF,0xFFFF,0xFFFF,0xFFFF,0xFFFF,0xFFFF,0xFFFF,0xFFFF,0xFFFF,0xFFFF,0x4229,
  0x0863,0x0863,0x0863,0x0863,0x0863,0x0863,0x0863,0x0863,0x0863,0x0863,0x0863,0x0863,
  0x0863,0x0863,0x0863,0x0863,0x0863,0x0863,0x0863,0x0863,0x0863,0x0863,0x0863,0x0863,
  0x0863,0x0863,0x0863,0x0863,0x0863,0x0863,0x0863,0x0863,0x0863,0x0863,0x0863,0x0863,
  0x0863,0x0863,0x0863,0x0863,0x0863,0x0863,0x0863,0x0863,0x0863,0x0863,0x0863,0x0863,
  0x0863,0x0863,0x0863,0x0863,0x0863,0x0863,0x0863,0x0863,0x0863,0x0863,0x0863,0x0863,
  0x0863,0x0863,0x0863,0x0863,0x0863,0x0863,0x5ACC,0xFFFF,0xFFFF,0xFFFF,0xFFFF,0xFFFF,
  0xFFFF,0xFFFF,0xFFFF,0xFFFF,0xFFFF,0xFFFF,0xFFFF,0xFFFF,0xFFFF,0xFFFF,0xFFFF,0xFFFF,
  0xFFFF,0xFFFF,0xFFFF,0xFFFF,0xFFFF,0xFFFF,0xFFFF,0xFFFF,0xFFFF,0xFFFF,0xFFFF,0xFFFF,
  0xFFFF,0xFFFF,0xFFFF,0xFFFF,0xFFFF,0xFFFF,0x8431,0x0863,0x0863,0x0863,0x0863,0x0863,
  0x0863,0x0863,0x0863,0x0863,0x0863,0x0863,0x0863,0x0863,0x0863,0x0863,0x0863,0x0863,
  0x0863,0x0863,0x5ACC,0xFFFF,0xFFFF,0xFFFF,0xFFFF,0xFFFF,0xFFFF,0xFFFF,0xFFFF,0xFFFF,
  0xFFFF,0xFFFF,0xFFFF,0xFFFF,0xFFFF,0xFFFF,0xFFFF,0xFFFF,0xFFFF,0xFFFF,0xFFFF,0xFFFF,
  0xFFFF,0xFFFF,0xFFFF,0xFFFF,0xFFFF,0xFFFF,0xFFFF,0xFFFF,0xFFFF,0xFFFF,0xFFFF,0xFFFF,
  0xFFFF,0xFFFF,0x8431,0x0863,0x0863,0x0863,0x0863,0x0863,0x0863,0x0863,0x0863,0x0863,
  0x0863,0x0863,0x0863,0x0863,0x0863,0x0863,0x0863,0x0863,0x0863,0x0863,0x0863,0x0863,
  0x0863,0x0863,0x0863,0x0863,0x0863,0x0863,0x0863,0x0863,0x0863,0x0863,0x0863,0x0863,
  0x0863,0x0863,0x0863,0x0863,0x0863,0x0863,0x0863,0x0863,0x0863,0x0863,0x0863,0x0863,
  0x0863,0x0863,0x0863,0x0863,0x0863,0x0863,0x0863,0x0863,0x0863,0x0863,0x0863,0x0863,
  0x0863,0x0863,0x0863,0x0863,0x0863,0x0863,0x0863,0x0863,0x0863,0x0863,0x0863,0x94B3,
  0xFFFF,0xFFFF,0xFFFF,0xFFFF,0xFFFF,0xFFFF,0xFFFF,0xFFFF,0xFFFF,0xFFFF,0xFFFF,0xFFFF,
  0xFFFF,0xFFFF,0xFFFF,0xFFFF,0xFFFF,0xFFFF,0xFFFF,0xFFFF,0xFFFF,0xFFFF,0xFFFF,0xFFFF,
  0xFFFF,0xFFFF,0xFFFF,0xFFFF,0xFFFF,0xFFFF,0xFFFF,0xFFFF,0xFFFF,0xBDD8,0x0863,0x0863,
  0x0863,0x0863,0x0863,0x0863,0x0863,0x0863,0x0863,0x0863,0x0863,0x0863,0x0863,0x0863,
  0x0863,0x0863,0x0863,0x0863,0x0863,0x0863,0x0863,0x94B3,0xFFFF,0xFFFF,0xFFFF,0xFFFF,
  0xFFFF,0xFFFF,0xFFFF,0xFFFF,0xFFFF,0xFFFF,0xFFFF,0xFFFF,0xFFFF,0xFFFF,0xFFFF,0xFFFF,
  0xFFFF,0xFFFF,0xFFFF,0xFFFF,0xFFFF,0xFFFF,0xFFFF,0xFFFF,0xFFFF,0xFFFF,0xFFFF,0xFFFF,
  0xFFFF,0xFFFF,0xFFFF,0xFFFF,0xFFFF,0xBDD8,0x0863,0x0863,0x0863,0x0863,0x0863,0x0863,
  0x0863,0x0863,0x0863,0x0863,0x0863,0x0863,0x0863,0x0863,0x0863,0x0863,0x0863,0x0863,
  0x0863,0x0863,0x0863,0x0863,0x0863,0x0863,0x0863,0x0863,0x0863,0x0863,0x0863,0x0863,
  0x0863,0x0863,0x0863,0x0863,0x0863,0x0863,0x0863,0x0863,0x0863,0x0863,0x0863,0x0863,
  0x0863,0x0863,0x0863,0x0863,0x0863,0x0863,0x0863,0x0863,0x0863,0x0863,0x0863,0x0863,
  0x0863,0x0863,0x0863,0x0863,0x0863,0x0863,0x0863,0x0863,0x0863,0x0863,0x0863,0x0863,
  0x0863,0x0863,0x0863,0x0863,0x94B3,0xFFFF,0xFFFF,0xFFFF,0xFFFF,0xFFFF,0xFFFF,0xFFFF,
  0xFFFF,0xFFFF,0xFFFF,0xFFFF,0xFFFF,0xFFFF,0xFFFF,0xFFFF,0xFFFF,0xFFFF,0xFFFF,0xFFFF,
  0xFFFF,0xFFFF,0xFFFF,0xFFFF,0xFFFF,0xFFFF,0xFFFF,0xFFFF,0xFFFF,0xFFFF,0xFFFF,0xFFFF,
  0xBDD8,0x10A4,0x0863,0x0863,0x0863,0x0863,0x0863,0x0863,0x0863,0x0863,0x0863,0x0863,
  0x0863,0x0863,0x0863,0x0863,0x0863,0x0863,0x0863,0x0863,0x0863,0x0863,0x0863,0x0863,
  0x94B3,0xFFFF,0xFFFF,0xFFFF,0xFFFF,0xFFFF,0xFFFF,0xFFFF,0xFFFF,0xFFFF,0xFFFF,0xFFFF,
  0xFFFF,0xFFFF,0xFFFF,0xFFFF,0xFFFF,0xFFFF,0xFFFF,0xFFFF,0xFFFF,0xFFFF,0xFFFF,0xFFFF,
  0xFFFF,0xFFFF,0xFFFF,0xFFFF,0xFFFF,0xFFFF,0xFFFF,0xFFFF,0xBDD8,0x10A4,0x0863,0x0863,
  0x0863,0x0863,0x0863,0x0863,0x0863,0x0863,0x0863,0x0863,0x0863,0x0863,0x0863,0x0863,
  0x0863,0x0863,0x0863,0x0863,0x0863,0x0863,0x0863,0x0863,0x0863,0x0863,0x0863,0x0863,
  0x0863,0x0863,0x0863,0x0863,0x0863,0x0863,0x0863,0x0863,0x0863,0x0863,0x0863,0x0863,
  0x0863,0x0863,0x0863,0x0863,0x0863,0x0863,0x0863,0x0863,0x0863,0x0863,0x0863,0x0863,
  0x0863,0x0863,0x0863,0x0863,0x0863,0x0863,0x0863,0x0863,0x0863,0x0863,0x0863,0x0863,
  0x0863,0x0863,0x0863,0x0863,0x0863,0x0863,0x0863,0x0863,0x0863,0x8431,0xFFFF,0xFFFF,
  0xFFFF,0xFFFF,0xFFFF,0xFFFF,0xFFFF,0xFFFF,0xFFFF,0xFFFF,0xFFFF,0xFFFF,0xFFFF,0xFFFF,
  0xFFFF,0xFFFF,0xFFFF,0xFFFF,0xFFFF,0xFFFF,0xFFFF,0xFFFF,0xFFFF,0xFFFF,0xFFFF,0xFFFF,
  0xFFFF,0xFFFF,0xFFFF,0xA535,0x0863,0x0863,0x0863,0x0863,0x0863,0x0863,0x0863,0x0863,
  0x0863,0x0863,0x0863,0x0863,0x0863,0x0863,0x0863,0x0863,0x0863,0x0863,0x0863,0x0863,
  0x0863,0x0863,0x0863,0x0863,0x0863,0x8431,0xFFFF,0xFFFF,0xFFFF,0xFFFF,0xFFFF,0xFFFF,
  0xFFFF,0xFFFF,0xFFFF,0xFFFF,0xFFFF,0xFFFF,0xFFFF,0xFFFF,0xFFFF,0xFFFF,0xFFFF,0xFFFF,
  0xFFFF,0xFFFF,0xFFFF,0xFFFF,0xFFFF,0xFFFF,0xFFFF,0xFFFF,0xFFFF,0xFFFF,0xFFFF,0xA535,
  0x0863,0x0863,0x0863,0x0863,0x0863,0x0863,0x0863,0x0863,0x0863,0x0863,0x0863,0x0863,
  0x0863,0x0863,0x0863,0x0863,0x0863,0x0863,0x0863,0x0863,0x0863,0x0863,0x0863,0x0863,
  0x0863,0x0863,0x0863,0x0863,0x0863,0x0863,0x0863,0x0863,0x0863,0x0863,0x0863,0x0863,
  0x0863,0x0863,0x0863,0x0863,0x0863,0x0863,0x0863,0x0863,0x0863,0x0863,0x0863,0x0863,
  0x0863,0x0863,0x0863,0x0863,0x0863,0x0863,0x0863,0x0863,0x0863,0x0863,0x0863,0x0863,
  0x0863,0x0863,0x0863,0x0863,0x0863,0x0863,0x0863,0x0863,0x0863,0x0863,0x0863,0x0863,
  0x0863,0x0863,0x6B8F,0xFFFF,0xFFFF,0xFFFF,0xFFFF,0xFFFF,0xFFFF,0xFFFF,0xFFFF,0xFFFF,
  0xFFFF,0xFFFF,0xFFFF,0xFFFF,0xFFFF,0xFFFF,0xFFFF,0xFFFF,0xFFFF,0xFFFF,0xFFFF,0xFFFF,
  0xFFFF,0xFFFF,0xFFFF,0xFFFF,0xFFFF,0xFFFF,0x8C72,0x0863,0x0863,0x0863,0x0863,0x0863,
  0x0863,0x0863,0x0863,0x0863,0x0863,0x0863,0x0863,0x0863,0x0863,0x0863,0x0863,0x0863,
  0x0863,0x0863,0x0863,0x0863,0x0863,0x0863,0x0863,0x0863,0x0863,0x0863,0x6B8F,0xFFFF,
  0xFFFF,0xFFFF,0xFFFF,0xFFFF,0xFFFF,0xFFFF,0xFFFF,0xFFFF,0xFFFF,0xFFFF,0xFFFF,0xFFFF,
  0xFFFF,0xFFFF,0xFFFF,0xFFFF,0xFFFF,0xFFFF,0xFFFF,0xFFFF,0xFFFF,0xFFFF,0xFFFF,0xFFFF,
  0xFFFF,0xFFFF,0x8C72,0x0863,0x0863,0x0863,0x0863,0x0863,0x0863,0x0863,0x0863,0x0863,
  0x0863,0x0863,0x0863,0x0863,0x0863,0x0863,0x0863,0x0863,0x0863,0x0863,0x0863,0x0863,
  0x0863,0x0863,0x0863,0x0863,0x0863,0x0863,0x0863,0x0863,0x0863,0x0863,0x0863,0x0863,
  0x0863,0x0863,0x0863,0x0863,0x0863,0x0863,0x0863,0x0863,0x0863,0x0863,0x0863,0x0863,
  0x0863,0x0863,0x0863,0x0863,0x0863,0x0863,0x0863,0x0863,0x0863,0x0863,0x0863,0x0863,
  0x0863,0x0863,0x0863,0x0863,0x0863,0x0863,0x0863,0x0863,0x0863,0x0863,0x0863,0x0863,
  0x0863,0x0863,0x0863,0x0863,0x0863,0x0863,0x0863,0x422A,0xD69A,0xFFFF,0xFFFF,0xFFFF,
  0xFFFF,0xFFFF,0xFFFF,0xFFFF,0xFFFF,0xFFFF,0xFFFF,0xFFFF,0xFFFF,0xFFFF,0xFFFF,0xFFFF,
  0xFFFF,0xFFFF,0xFFFF,0xFFFF,0xFFFF,0xFFFF,0xFFFF,0xFFFF,0xEF5D,0x528B,0x0863,0x0863,
  0x0863,0x0863,0x0863,0x0863,0x0863,0x0863,0x0863,0x0863,0x0863,0x0863,0x0863,0x0863,
  0x0863,0x0863,0x0863,0x0863,0x0863,0x0863,0x0863,0x0863,0x0863,0x0863,0x0863,0x0863,
  0x0863,0x0863,0x0863,0x422A,0xD69A,0xFFFF,0xFFFF,0xFFFF,0xFFFF,0xFFFF,0xFFFF,0xFFFF,
  0xFFFF,0xFFFF,0xFFFF,0xFFFF,0xFFFF,0xFFFF,0xFFFF,0xFFFF,0xFFFF,0xFFFF,0xFFFF,0xFFFF,
  0xFFFF,0xFFFF,0xFFFF,0xFFFF,0xEF5D,0x528B,0x0863,0x0863,0x0863,0x0863,0x0863,0x0863,
  0x0863,0x0863,0x0863,0x0863,0x0863,0x0863,0x0863,0x0863,0x0863,0x0863,0x0863,0x0863,
  0x0863,0x0863,0x0863,0x0863,0x0863,0x0863,0x0863,0x0863,0x0863,0x0863,0x0863,0x0863,
  0x0863,0x0863,0x0863,0x0863,0x0863,0x0863,0x0863,0x0863,0x0863,0x0863,0x0863,0x0863,
  0x0863,0x0863,0x0863,0x0863,0x0863,0x0863,0x0863,0x0863,0x0863,0x0863,0x0863,0x0863,
  0x0863,0x0863,0x0863,0x0863,0x0863,0x0863,0x0863,0x0863,0x0863,0x0863,0x0863,0x0863,
  0x0863,0x0863,0x0863,0x0863,0x0863,0x0863,0x0863,0x0863,0x0863,0x0863,0x0863,0x0863,
  0x0863,0x7C11,0xF79E,0xFFFF,0xFFFF,0xFFFF,0xFFFF,0xFFFF,0xFFFF,0xFFFF,0xFFFF,0xFFFF,
  0xFFFF,0xFFFF,0xFFFF,0xFFFF,0xFFFF,0xFFFF,0xFFFF,0xFFFF,0xFFFF,0xFFFF,0xFFFF,0x8C72,
  0x10A4,0x0863,0x0863,0x0863,0x0863,0x0863,0x0863,0x0863,0x0863,0x0863,0x0863,0x0863,
  0x0863,0x0863,0x0863,0x0863,0x0863,0x0863,0x0863,0x0863,0x0863,0x0863,0x0863,0x0863,
  0x0863,0x0863,0x0863,0x0863,0x0863,0x0863,0x0863,0x0863,0x0863,0x7C11,0xF79E,0xFFFF,
  0xFFFF,0xFFFF,0xFFFF,0xFFFF,0xFFFF,0xFFFF,0xFFFF,0xFFFF,0xFFFF,0xFFFF,0xFFFF,0xFFFF,
  0xFFFF,0xFFFF,0xFFFF,0xFFFF,0xFFFF,0xFFFF,0xFFFF,0x8C72,0x10A4,0x0863,0x0863,0x0863,
  0x0863,0x0863,0x0863,0x0863,0x0863,0x0863,0x0863,0x0863,0x0863,0x0863,0x0863,0x0863,
  0x0863,0x0863,0x0863,0x0863,0x0863,0x0863,0x0863,0x0863,0x0863,0x0863,0x0863,0x0863,
  0x0863,0x0863,0x0863,0x0863,0x0863,0x0863,0x0863,0x0863,0x0863,0x0863,0x0863,0x0863,
  0x0884,0x0884,0x0884,0x0884,0x0884,0x0884,0x0884,0x0884,0x0884,0x0884,0x0884,0x0884,
  0x0884,0x0884,0x0884,0x0884,0x0884,0x0884,0x0884,0x0884,0x0884,0x0884,0x0884,0x0884,
  0x0884,0x0884,0x0884,0x0884,0x0884,0x0884,0x0884,0x0884,0x0884,0x0884,0x0884,0x0884,
  0x0884,0x0884,0x0884,0x0884,0x0884,0x0884,0x2126,0x9CF4,0xEF5D,0xFFFF,0xFFFF,0xFFFF,
  0xFFFF,0xFFFF,0xFFFF,0xFFFF,0xFFFF,0xFFFF,0xFFFF,0xFFFF,0xFFFF,0xFFFF,0xFFFF,0xFFFF,
  0xF7DF,0xAD76,0x31A8,0x0884,0x0884,0x0884,0x0884,0x0884,0x0884,0x0884,0x0884,0x0884,
  0x0884,0x0884,0x0884,0x0884,0x0884,0x0884,0x0884,0x0884,0x0884,0x0884,0x0884,0x0884,
  0x0884,0x0884,0x0884,0x0884,0x0884,0x0884,0x0884,0x0884,0x0884,0x0884,0x0884,0x0884,
  0x0884,0x0884,0x2126,0x9CF4,0xEF5D,0xFFFF,0xFFFF,0xFFFF,0xFFFF,0xFFFF,0xFFFF,0xFFFF,
  0xFFFF,0xFFFF,0xFFFF,0xFFFF,0xFFFF,0xFFFF,0xFFFF,0xFFFF,0xF7DF,0xAD76,0x31A8,0x0884,
  0x0884,0x0884,0x0884,0x0884,0x0884,0x0884,0x0884,0x0884,0x0884,0x0884,0x0884,0x0884,
  0x0884,0x0884,0x0884,0x0884,0x0884,0x0884,0x0884,0x0884,0x0884,0x0884,0x0884,0x0884,
  0x0884,0x0884,0x0884,0x0884,0x0884,0x0884,0x0884,0x0884,0x0884,0x0884,0x0884,0x0884,
  0x0884,0x0884,0x0884,0x0884,0x0884,0x0884,0x0884,0x0884,0x0884,0x0884,0x0884,0x0884,
  0x0884,0x0884,0x0884,0x0884,0x0884,0x0884,0x0884,0x0884,0x0884,0x0884,0x0884,0x0884,
  0x0884,0x0884,0x0884,0x0884,0x0884,0x0884,0x0884,0x0884,0x0884,0x0884,0x0884,0x0884,
  0x0884,0x0884,0x0884,0x0884,0x0884,0x0884,0x0884,0x0884,0x0884,0x0884,0x0884,0x0884,
  0x0884,0x5ACC,0xA535,0xF79E,0xFFFF,0xFFFF,0xFFFF,0xFFFF,0xFFFF,0xFFFF,0xFFFF,0xFFFF,
  0xFFFF,0xFFFF,0xB5B7,0x630D,0x10A4,0x0884,0x0884,0x0884,0x0884,0x0884,0x0884,0x0884,
  0x0884,0x0884,0x0884,0x0884,0x0884,0x0884,0x0884,0x0884,0x0884,0x0884,0x0884,0x0884,
  0x0884,0x0884,0x0884,0x0884,0x0884,0x0884,0x0884,0x0884,0x0884,0x0884,0x0884,0x0884,
  0x0884,0x0884,0x0884,0x0884,0x0884,0x0884,0x0884,0x0884,0x0884,0x5ACC,0xA535,0xF79E,
  0xFFFF,0xFFFF,0xFFFF,0xFFFF,0xFFFF,0xFFFF,0xFFFF,0xFFFF,0xFFFF,0xFFFF,0xB5B7,0x630D,
  0x10A4,0x0884,0x0884,0x0884,0x0884,0x0884,0x0884,0x0884,0x0884,0x0884,0x0884,0x0884,
  0x0884,0x0884,0x0884,0x0884,0x0884,0x0884,0x0884,0x0884,0x0884,0x0884,0x0884,0x0884,
  0x0884,0x0884,0x0884,0x0884,0x0884,0x0884,0x0884,0x0884,0x0884,0x0884,0x0884,0x0884,
  0x0884,0x0884,0x0884,0x0884,0x0884,0x0884,0x0884,0x0884,0x0884,0x0884,0x0884,0x0884,
  0x0884,0x0884,0x0884,0x0884,0x0884,0x0884,0x0884,0x0884,0x0884,0x0884,0x0884,0x0884,
  0x0884,0x0884,0x0884,0x0884,0x0884,0x0884,0x0884,0x0884,0x0884,0x0884,0x0884,0x0884,
  0x0884,0x0884,0x0884,0x0884,0x0884,0x0884,0x0884,0x0884,0x0884,0x0884,0x0884,0x0884,
  0x0884,0x0884,0x0884,0x0884,0x0884,0x0884,0x0884,0x0884,0x39E9,0x4A6B,0x6B8F,0x8452,
  0x8452,0x8452,0x73D0,0x4A6B,0x422A,0x0884,0x0884,0x0884,0x0884,0x0884,0x0884,0x0884,
  0x0884,0x0884,0x0884,0x0884,0x0884,0x0884,0x0884,0x0884,0x0884,0x0884,0x0884,0x0884,
  0x0884,0x0884,0x0884,0x0884,0x0884,0x0884,0x0884,0x0884,0x0884,0x0884,0x0884,0x0884,
  0x0884,0x0884,0x0884,0x0884,0x0884,0x0884,0x0884,0x0884,0x0884,0x0884,0x0884,0x0884,
  0x0884,0x0884,0x0884,0x0884,0x39E9,0x4A6B,0x6B8F,0x8452,0x8452,0x8452,0x73D0,0x4A6B,
  0x422A,0x0884,0x0884,0x0884,0x0884,0x0884,0x0884,0x0884,0x0884,0x0884,0x0884,0x0884,
  0x0884,0x0884,0x0884,0x0884,0x0884,0x0884,0x0884,0x0884,0x0884,0x0884,0x0884,0x0884,
  0x0884,0x0884,0x0884,0x0884,0x0884,0x0884,0x0884,0x0884,0x0884,0x0884,0x0884,0x0884,
  0x0884,0x0884,0x0884,0x0884,0x0884,0x0884,0x0884,0x0884,0x0884,0x0884,0x0884,0x0884,
  0x0884,0x0884,0x0884,0x0884,0x0884,0x0884,0x0884,0x0884,0x0884,0x0884,0x0884,0x0884,
  0x0884,0x0884,0x0884,0x0884,0x0884,0x0884,0x0884,0x0884,0x0884,0x0884,0x0884,0x0884,
  0x0884,0x0884,0x0884,0x0884,0x0884,0x0884,0x0884,0x0884,0x0884,0x0884,0x0884,0x0884,
  0x0884,0x0884,0x0884,0x0884,0x0884,0x0884,0x0884,0x0884,0x0884,0x0884,0x0884,0x0884,
  0x0884,0x0884,0x0884,0x0884,0x0884,0x0884,0x0884,0x0884,0x0884,0x0884,0x0884,0x0884,
  0x0884,0x0884,0x0884,0x0884,0x0884,0x0884,0x0884,0x0884,0x0884,0x0884,0x0884,0x0884,
  0x0884,0x0884,0x0884,0x0884,0x0884,0x0884,0x0884,0x0884,0x0884,0x0884,0x0884,0x0884,
  0x0884,0x0884,0x0884,0x0884,0x0884,0x0884,0x0884,0x0884,0x0884,0x0884,0x0884,0x0884,
  0x0884,0x0884,0x0884,0x0884,0x0884,0x0884,0x0884,0x0884,0x0884,0x0884,0x0884,0x0884,
  0x0884,0x0884,0x0884,0x0884,0x0884,0x0884,0x0884,0x0884,0x0884,0x0884,0x0884,0x0884,
  0x0884,0x0884,0x0884,0x0884,0x0884,0x0884,0x0884,0x0884,0x0884,0x0884,0x0884,0x0884,
  0x0884,0x0884,0x0884,0x0884,0x0884,0x0884,0x0884,0x0884,0x0884,0x0884,0x0884,0x0884,
  0x0884,0x0884,0x0884,0x0884,0x0884,0x0884,0x0884,0x0884,0x0884,0x0884,0x0884,0x0884,
  0x0884,0x0884,0x0884,0x0884,0x0884,0x0884,0x0884,0x0884,0x0884,0x0884,0x0884,0x0884,
  0x0884,0x0884,0x0884,0x0884,0x0884,0x0884,0x0884,0x0884,0x0884,0x0884,0x0884,0x0884,
  0x0884,0x0884,0x0884,0x0884,0x0884,0x0884,0x0884,0x0884,0x0884,0x0884,0x0884,0x0884,
  0x0884,0x0884,0x0884,0x0884,0x0884,0x0884,0x0884,0x0884,0x0884,0x0884,0x0884,0x0884,
  0x0884,0x0884,0x0884,0x0884,0x0884,0x0884,0x0884,0x0884,0x0884,0x0884,0x0884,0x0884,
  0x0884,0x0884,0x0884,0x0884,0x0884,0x0884,0x0884,0x0884,0x0884,0x0884,0x0884,0x0884,
  0x0884,0x0884,0x0884,0x0884,0x0884,0x0884,0x0884,0x0884,0x0884,0x0884,0x0884,0x0884,
  0x0884,0x0884,0x0884,0x0884,0x0884,0x0884,0x0884,0x0884,0x0884,0x0884,0x0884,0x0884,
  0x0884,0x0884,0x0884,0x0884,0x0884,0x0884,0x0884,0x0884,0x0884,0x0884,0x0884,0x0884,
  0x0884,0x0884,0x0884,0x0884,0x0884,0x0884,0x0884,0x0884,0x0884,0x0884,0x0884,0x0884,
  0x0884,0x0884,0x0884,0x0884,0x0884,0x0884,0x0884,0x0884,0x0884,0x0884,0x0884,0x0884,
  0x0884,0x0884,0x0884,0x0884,0x0884,0x0884,0x0884,0x0884,0x0884,0x0884,0x0884,0x0884,
  0x0884,0x0884,0x0884,0x0884,0x0884,0x0884,0x0884,0x0884,0x0884,0x0884,0x0884,0x0884,
  0x0884,0x0884,0x0884,0x0884,0x0884,0x0884,0x0884,0x0884,0x0884,0x0884,0x0884,0x0884,
  0x0884,0x0884,0x0884,0x0884,0x0884,0x0884,0x0884,0x0884,0x0884,0x0884,0x0884,0x0884,
  0x0884,0x0884,0x0884,0x0884,0x0884,0x0884,0x0884,0x0884,0x0884,0x0884,0x0884,0x0884,
  0x0884,0x0884,0x0884,0x0884,0x0884,0x0884,0x0884,0x0884,0x0884,0x0884,0x0884,0x0884,
  0x0884,0x0884,0x0884,0x0884,0x0884,0x0884,0x0884,0x0884,0x0884,0x0884,0x0884,0x0884,
  0x0884,0x0884,0x0884,0x0884,0x0884,0x0884,0x0884,0x0884,0x0884,0x0884,0x0884,0x0884,
  0x0884,0x0884,0x0884,0x0884,0x0884,0x0884,0x0884,0x0884,0x0884,0x0884,0x0884,0x0884,
  0x0884,0x0884,0x0884,0x0884,0x0884,0x0884,0x0884,0x0884,0x0884,0x0884,0x0884,0x0884,
  0x0884,0x0884,0x0884,0x0884,0x0884,0x0884,0x0884,0x0884,0x0884,0x0884,0x0884,0x0884,
  0x0884,0x0884,0x0884,0x0884,0x0884,0x0884,0x0884,0x0884,0x0884,0x0884,0x0884,0x0884,
  0x0884,0x0884,0x0884,0x0884,0x0884,0x0884,0x0884,0x0884,0x0884,0x0884,0x0884,0x0884,
  0x0884,0x0884,0x0884,0x0884,0x0884,0x0884,0x0884,0x0884,0x0884,0x0884,0x0884,0x0884,
  0x0884,0x0884,0x0884,0x0884,0x0884,0x0884,0x0884,0x0884,0x0884,0x0884,0x0884,0x0884,
  0x0884,0x0884,0x0884,0x0884,0x0884,0x0884,0x0884,0x0884,0x0884,0x0884,0x0884,0x0884,
  0x0884,0x0884,0x0884,0x0884,0x0884,0x0884,0x0884,0x0884,0x0884,0x0884,0x0884,0x0884,
  0x0884,0x0884,0x0884,0x0884,0x0884,0x0884,0x0884,0x0884,0x0884,0x0884,0x0884,0x0884,
  0x0884,0x0884,0x0884,0x0884,0x0884,0x0884,0x0884,0x0884,0x0884,0x0884,0x0884,0x0884,
  0x0884,0x0884,0x0884,0x0884,0x0884,0x0884,0x0884,0x0884,0x0884,0x0884,0x0884,0x0884,
  0x0884,0x0884,0x0884,0x0884,0x0884,0x0884,0x0884,0x0884,0x0884,0x0884,0x0884,0x0884,
  0x0884,0x0884,0x0884,0x0884,0x0884,0x0884,0x0884,0x0884,0x0884,0x0884,0x0884,0x0884,
  0x0884,0x0884,0x0884,0x0884,0x0884,0x0884,0x0884,0x0884,0x0884,0x0884,0x0884,0x0884,
  0x0884,0x0884,0x0884,0x0884,0x0884,0x0884,0x0884,0x0884,0x0884,0x0884,0x0884,0x0884,
  0x0884,0x0884,0x0884,0x0884,0x0884,0x0884,0x0884,0x0884,0x0884,0x0884,0x0884,0x0884,
  0x0884,0x0884,0x0884,0x0884,0x0884,0x0884,0x0884,0x0884,0x0884,0x0884,0x0884,0x0884,
  0x0884,0x0884,0x0884,0x0884,0x0884,0x0884,0x0884,0x0884,0x0884,0x0884,0x0884,0x0884,
  0x0884,0x0884,0x0884,0x0884,0x0884,0x0884,0x0884,0x0884,0x0884,0x0884,0x0884,0x0884,
  0x0884,0x0884,0x0884,0x0884,0x0884,0x0884,0x0884,0x0884,0x0884,0x0884,0x0884,0x0884,
  0x0884,0x0884,0x0884,0x0884,0x0884,0x0884,0x0884,0x0884,0x0884,0x0884,0x0884,0x0884,
  0x0884,0x0884,0x0884,0x0884,0x0884,0x0884,0x0884,0x0884,0x0884,0x0884,0x0884,0x0884,
  0x0884,0x0884,0x0884,0x0884,0x0884,0x0884,0x0884,0x0884,0x0884,0x0884,0x0884,0x0884,
  0x0884,0x0884,0x0884,0x0884,0x0884,0x0884,0x0884,0x0884,0x0884,0x0884,0x0884,0x0884,
  0x0884,0x0884,0x0884,0x0884,0x0884,0x0884,0x0884,0x0884,0x0884,0x0884,0x0884,0x0884,
  0x0884,0x0884,0x0884,0x0884,0x0884,0x0884,0x0884,0x0884,0x0884,0x0884,0x0884,0x0884,
  0x0884,0x0884,0x0884,0x0884,0x0884,0x0884,0x0884,0x0884,0x0884,0x0884,0x0884,0x0884,
  0x0884,0x0884,0x0884,0x0884,0x0884,0x0884,0x0884,0x0884,0x0884,0x0884,0x0884,0x0884,
  0x0884,0x0884,0x0884,0x0884,0x0884,0x0884,0x0884,0x0884,0x0884,0x0884,0x0884,0x0884,
  0x0884,0x0884,0x0884,0x0884,0x0884,0x0884,0x0884,0x0884,0x0884,0x0884,0x0884,0x0884,
  0x0884,0x0884,0x0884,0x0884,0x0884,0x0884,0x0884,0x0884,0x0884,0x0884,0x0884,0x0884,
  0x0884,0x0884,0x0884,0x0884,0x0884,0x0884,0x0884,0x0884,0x0884,0x0884,0x0884,0x0884,
  0x0884,0x0884,0x0884,0x0884,0x0884,0x0884,0x0884,0x0884,0x0884,0x0884,0x0884,0x0884,
  0x0884,0x0884,0x0884,0x0884,0x0884,0x0884,0x0884,0x0884,0x0884,0x0884,0x0884,0x0884,
  0x0884,0x0884,0x0884,0x0884,0x0884,0x0884,0x0884,0x0884,0x0884,0x0884,0x0884,0x0884,
  0x0884,0x0884,0x0884,0x0884,0x0884,0x0884,0x0884,0x0884,0x0884,0x0884,0x0884,0x0884,
  0x0884,0x0884,0x0884,0x0884,0x0884,0x0884,0x0884,0x0884,0x0884,0x0884,0x0884,0x0884,
  0x0884,0x0884,0x0884,0x0884,0x0884,0x0884,0x0884,0x0884,0x0884,0x0884,0x0884,0x0884,
  0x0884,0x0884,0x0884,0x0884,0x0884,0x0884,0x0884,0x0884,0x0884,0x0884,0x0884,0x0884,
  0x0884,0x0884,0x0884,0x0884,0x0884,0x0884,0x0884,0x0884,0x0884,0x0884,0x0884,0x0884,
  0x0884,0x0884,0x0884,0x0884,0x0884,0x0884,0x0884,0x0884,0x0884,0x0884,0x0884,0x0884,
  0x0884,0x0884,0x0884,0x0884,0x0884,0x0884,0x0884,0x0884,0x0884,0x0884,0x0884,0x0884,
  0x0884,0x0884,0x0884,0x0884,0x0884,0x0884,0x0884,0x0884,0x0884,0x0884,0x0884,0x0884,
  0x0884,0x0884,0x0884,0x0884,0x0884,0x0884,0x0884,0x0884,0x0884,0x0884,0x0884,0x0884,
  0x0884,0x0884,0x0884,0x0884,0x0884,0x0884,0x0884,0x0884,0x0884,0x0884,0x0884,0x0884,
  0x0884,0x0884,0x0884,0x0884,0x0884,0x0884,0x0884,0x0884,0x0884,0x0884,0x0884,0x0884,
  0x0884,0x0884,0x0884,0x0884,0x0884,0x0884,0x0884,0x0884,0x0884,0x0884,0x0884,0x0884,
  0x0884,0x0884,0x0884,0x0884,0x0884,0x0884,0x0884,0x0884,0x0884,0x0884,0x0884,0x0884,
  0x0884,0x0884,0x0884,0x0884,0x0884,0x0884,0x0884,0x0884,0x0884,0x0884,0x0884,0x0884,
  0x0884,0x0884,0x0884,0x0884,0x0884,0x0884,0x0884,0x0884,0x0884,0x0884,0x0884,0x0884,
  0x0884,0x0884,0x0884,0x0884,0x0884,0x0884,0x0884,0x0884,0x0884,0x0884,0x0884,0x0884,
  0x0884,0x0884,0x0884,0x0884,0x0884,0x0884,0x0884,0x0884,0x0884,0x0884,0x0884,0x0884,
  0x0884,0x0884,0x0884,0x0884,0x0884,0x0884,0x0884,0x0884,0x0884,0x0884,0x0884,0x0884,
  0x0884,0x0884,0x0884,0x0884,0x0884,0x0884,0x0884,0x0884,0x0884,0x0884,0x0884,0x0884,
  0x0884,0x0884,0x0884,0x0884,0x0884,0x0884,0x0884,0x0884,0x0884,0x0884,0x0884,0x0884,
  0x0884,0x0884,0x0884,0x0884,0x0884,0x0884,0x0884,0x0884,0x0884,0x0884,0x0884,0x0884,
  0x0884,0x0884,0x0884,0x0884,0x0884,0x0884,0x0884,0x0884,0x0884,0x0884,0x0884,0x0884,
  0x0884,0x0884,0x0884,0x0884,0x0884,0x0884,0x0884,0x0884,0x0884,0x0884,0x0884,0x0884,
  0x0884,0x0884,0x0884,0x0884,0x0884,0x0884,0x0884,0x0884,0x0884,0x0884,0x0884,0x0884,
  0x0884,0x0884,0x0884,0x0884,0x0884,0x0884,0x0884,0x0884,0x0884,0x0884,0x0884,0x0884,
  0x0884,0x0884,0x0884,0x0884,0x0884,0x0884,0x0884,0x0884,0x0884,0x0884,0x0884,0x0884,
  0x0884,0x0884,0x0884,0x0884,0x0884,0x0884,0x0884,0x0884,0x0884,0x0884,0x0884,0x0884,
  0x0884,0x0884,0x0884,0x0884,0x0884,0x0884,0x0884,0x0884,0x0884,0x0884,0x0884,0x0884,
  0x0884,0x0884,0x0884,0x0884,0x0884,0x0884,0x0884,0x0884,0x0884,0x0884,0x0884,0x0884,
  0x0884,0x0884,0x0884,0x0884,0x0884,0x0884,0x0884,0x0884,0x0884,0x0884,0x0884,0x0884,
  0x0884,0x0884,0x0884,0x0884,0x0884,0x0884,0x0884,0x0884,0x0884,0x0884,0x0884,0x0884,
  0x0884,0x0884,0x0884,0x0884,0x0884,0x0884,0x0884,0x0884,0x0884,0x0884,0x0884,0x0884,
  0x0884,0x0884,0x0884,0x0884,0x0884,0x0884,0x0884,0x0884,0x0884,0x0884,0x0884,0x0884,
  0x0884,0x0884,0x0884,0x0884,0x0884,0x0884,0x0884,0x0884,0x0884,0x0884,0x0884,0x0884,
  0x0884,0x0884,0x0884,0x0884,0x0884,0x0884,0x0884,0x0884,0x0884,0x0884,0x0884,0x0884,
  0x0884,0x0884,0x0884,0x0884,0x0884,0x0884,0x0884,0x0884,0x0884,0x0884,0x0884,0x0884,
  0x0884,0x0884,0x0884,0x0884,0x0884,0x0884,0x0884,0x0884,0x0884,0x0884,0x0884,0x0884,
  0x0884,0x0884,0x0884,0x0884,0x0884,0x0884,0x0884,0x0884,0x0884,0x0884,0x0884,0x0884,
  0x0884,0x0884,0x0884,0x0884,0x0884,0x0884,0x0884,0x0884,0x0884,0x0884,0x0884,0x0884,
  0x0884,0x0884,0x0884,0x0884,0x0884,0x0884,0x0884,0x0884,0x0884,0x0884,0x0884,0x0884,
  0x0884,0x0884,0x0884,0x0884,0x0884,0x0884,0x0884,0x0884,0x0884,0x0884,0x0884,0x0884,
  0x0884,0x0884,0x0884,0x0884,0x0884,0x0884,0x0884,0x0884,0x0884,0x0884,0x0884,0x0884,
  0x0884,0x0884,0x0884,0x0884,0x0884,0x0884,0x0884,0x0884,0x0884,0x0884,0x0884,0x0884,
  0x0884,0x0884,0x0884,0x0884,0x0884,0x0884,0x0884,0x0884,0x0884,0x0884,0x0884,0x0884,
  0x0884,0x0884,0x0884,0x0884,0x0884,0x0884,0x0884,0x0884,0x0884,0x0884,0x0884,0x0884,
  0x0884,0x0884,0x0884,0x0884,0x0884,0x0884,0x0884,0x0884,0x0884,0x0884,0x0884,0x0884,
  0x0884,0x0884,0x0884,0x0884,0x0884,0x0884,0x0884,0x0884,0x0884,0x0884,0x0884,0x0884,
  0x0884,0x0884,0x0884,0x0884,0x0884,0x0884,0x0884,0x0884,0x0884,0x0884,0x0884,0x0884,
  0x0884,0x0884,0x0884,0x0884,0x0884,0x0884,0x0884,0x0884,0x0884,0x0884,0x0884,0x0884,
  0x0884,0x0884,0x0884,0x0884,0x0884,0x0884,0x0884,0x0884,0x0884,0x0884,0x0884,0x0884,
  0x0884,0x0884,0x0884,0x0884,0x0884,0x0884,0x0884,0x0884,0x0884,0x0884,0x0884,0x0884,
  0x0884,0x0884,0x0884,0x0884,0x0884,0x0884,0x0884,0x0884,0x0884,0x0884,0x0884,0x0884,
  0x0884,0x0884,0x0884,0x0884,0x0884,0x0884,0x0884,0x0884,0x0884,0x0884,0x0884,0x0884,
  0x0884,0x0884,0x0884,0x0884,0x0884,0x0884,0x0884,0x0884,0x0884,0x0884,0x0884,0x0884,
  0x0884,0x0884,0x0884,0x0884,0x0884,0x0884,0x0884,0x0884,0x0884,0x0884,0x0884,0x0884,
  0x0884,0x0884,0x0884,0x0884,0x0884,0x0884,0x0884,0x0884,0x0884,0x0884,0x0884,0x0884,
  0x0884,0x0884,0x0884,0x0884,0x0884,0x0884,0x0884,0x0884,0x0884,0x0884,0x0884,0x0884,
  0x0884,0x0884,0x0884,0x0884,0x0884,0x0884,0x0884,0x0884,0x0884,0x0884,0x0884,0x0884,
  0x0884,0x0884,0x0884,0x0884,0x0884,0x0884,0x0884,0x0884,0x0884,0x0884,0x0884,0x0884,
  0x0884,0x0884,0x0884,0x0884,0x0884,0x0884,0x0884,0x0884,0x0884,0x0884,0x0884,0x0884,
  0x0884,0x0884,0x0884,0x0884,0x0884,0x0884,0x0884,0x0884,0x0884,0x0884,0x0884,0x0884,
  0x0884,0x0884,0x0884,0x0884,0x0884,0x0884,0x0884,0x0884,0x0884,0x0884,0x0884,0x0884,
  0x0884,0x0884,0x0884,0x0884,0x0884,0x0884,0x0884,0x0884,0x0884,0x0884,0x0884,0x0884,
  0x0884,0x0884,0x0884,0x0884,0x0884,0x0884,0x0884,0x0884,0x0884,0x0884,0x0884,0x0884,
  0x0884,0x0884,0x0884,0x0884,0x0884,0x0884,0x0884,0x0884,0x0884,0x0884,0x0884,0x0884,
  0x0884,0x0884,0x0884,0x0884,0x0884,0x0884,0x0884,0x0884,0x0884,0x0884,0x0884,0x0884,
  0x0884,0x0884,0x0884,0x0884,0x0884,0x0884,0x0884,0x0884,0x0884,0x0884,0x0884,0x0884,
  0x0884,0x0884,0x0884,0x0884,0x0884,0x0884,0x0884,0x0884,0x0884,0x0884,0x0884,0x0884,
  0x0884,0x0884,0x0884,0x0884,0x0884,0x0884,0x0884,0x0884,0x0884,0x0884,0x0884,0x0884,
  0x0884,0x0884,0x0884,0x0884,0x0884,0x0884,0x0884,0x0884,0x0884,0x0884,0x0884,0x0884,
  0x0884,0x0884,0x0884,0x0884,0x0884,0x0884,0x0884,0x0884,0x0884,0x0884,0x0884,0x0884,
  0x0884,0x0884,0x0884,0x0884,0x0884,0x0884,0x0884,0x0884,0x0884,0x0884,0x0884,0x0884,
  0x0884,0x0884,0x0884,0x0884,0x0884,0x0884,0x0884,0x0884,0x0884,0x0884,0x0884,0x0884,
  0x0884,0x0884,0x0884,0x0884,0x0884,0x0884,0x0884,0x0884,0x0884,0x0884,0x0884,0x0884,
  0x0884,0x0884,0x0884,0x0884,0x0884,0x0884,0x0884,0x0884,0x0884,0x0884,0x0884,0x0884,
  0x0884,0x0884,0x0884,0x0884,0x0884,0x0884,0x0884,0x0884,0x0884,0x0884,0x0884,0x0884,
  0x0884,0x0884,0x0884,0x0884,0x0884,0x0884,0x0884,0x0884,0x0884,0x0884,0x0884,0x0884,
  0x0884,0x0884,0x0884,0x0884,0x0884,0x0884,0x0884,0x0884,0x0884,0x0884,0x0884,0x0884,
  0x0884,0x0884,0x0884,0x0884,0x0884,0x0884,0x0884,0x0884,0x0884,0x0884,0x0884,0x0884,
  0x0884,0x0884,0x0884,0x0884,0x0884,0x0884,0x0884,0x0884,0x0884,0x0884,0x0884,0x0884,
  0x0884,0x0884,0x0884,0x0884,0x0884,0x0884,0x0884,0x0884,0x0884,0x0884,0x0884,0x0884,
  0x0884,0x0884,0x0884,0x0884,0x0884,0x0884,0x0884,0x0884,0x0884,0x0884,0x0884,0x0884,
  0x0884,0x0884,0x0884,0x0884,0x0884,0x0884,0x0884,0x0884,0x0884,0x0884,0x0884,0x0884,
  0x0884,0x0884,0x0884,0x0884,0x0884,0x0884,0x0884,0x0884,0x0884,0x0884,0x0884,0x0884,
  0x0884,0x0884,0x0884,0x0884,0x0884,0x0884,0x0884,0x0884,0x0884,0x0884,0x0884,0x0884,
  0x0884,0x0884,0x0884,0x0884,0x0884,0x0884,0x0884,0x0884,0x0884,0x0884,0x0884,0x0884,
  0x0884,0x0884,0x0884,0x0884,0x0884,0x0884,0x0884,0x0884,0x0884,0x0884,0x0884,0x0884,
  0x0884,0x0884,0x0884,0x0884,0x0884,0x0884,0x0884,0x0884,0x0884,0x0884,0x0884,0x0884,
  0x0884,0x0884,0x0884,0x0884,0x0884,0x0884,0x0884,0x0884,0x0884,0x0884,0x0884,0x0884,
  0x0884,0x0884,0x0884,0x0884,0x0884,0x0884,0x0884,0x0884,0x0884,0x0884,0x0884,0x0884,
  0x0884,0x0884,0x0884,0x0884,0x0884,0x0884,0x0884,0x0884,0x0884,0x0884,0x0884,0x0884,
  0x0884,0x0884,0x0884,0x0884,0x0884,0x0884,0x0884,0x0884,0x0884,0x0884,0x0884,0x0884,
  0x0884,0x0884,0x0884,0x0884,0x0884,0x0884,0x0884,0x0884,0x0884,0x0884,0x0884,0x0884,
  0x0884,0x0884,0x0884,0x0884,0x0884,0x0884,0x0884,0x0884,0x0884,0x0884,0x0884,0x0884,
  0x0884,0x0884,0x0884,0x0884,0x0884,0x0884,0x0884,0x0884,0x0884,0x0884,0x0884,0x0884,
  0x0884,0x0884,0x0884,0x0884,0x0884,0x0884,0x0884,0x0884,0x0884,0x0884,0x0884,0x0884,
  0x0884,0x0884,0x0884,0x0884,0x0884,0x0884,0x0884,0x0884,0x0884,0x0884,0x0884,0x0884,
  0x0884,0x0884,0x0884,0x0884,0x0884,0x0884,0x0884,0x0884,0x4A6C,0x31C9,0x0884,0x0884,
  0x0884,0x0884,0x0884,0x0884,0x0884,0x0884,0x0884,0x0884,0x0884,0x0884,0x0884,0x0884,
  0x0884,0x0884,0x0884,0x0884,0x0884,0x0884,0x0884,0x18E6,0x4AAC,0x0884,0x0884,0x0884,
  0x0884,0x0884,0x0884,0x0884,0x0884,0x0884,0x0884,0x0884,0x0884,0x0884,0x0884,0x0884,
  0x0884,0x0884,0x0884,0x0884,0x0884,0x0884,0x0884,0x0884,0x0884,0x0884,0x0884,0x0884,
  0x0884,0x0884,0x0884,0x0884,0x0884,0x0884,0x0884,0x0884,0x0884,0x0884,0x0884,0x0884,
  0x0884,0x0884,0x0884,0x0884,0x0884,0x0884,0x0884,0x0884,0x0884,0x0884,0x0884,0x0884,
  0x0884,0x0884,0x0884,0x0884,0x0884,0x0884,0x0884,0x0884,0x0884,0x0884,0x0884,0x0884,
  0x0884,0x0884,0x0884,0x0884,0x0884,0x0884,0x0884,0x0884,0x0884,0x0884,0x0884,0x0884,
  0x0884,0x0884,0x0884,0x0884,0x0884,0x0884,0x0884,0x0884,0x0884,0x0884,0x0884,0x0884,
  0x0884,0x0884,0x0884,0x0884,0x0884,0x0884,0x0884,0x0884,0x0884,0x0884,0x0884,0x0884,
  0x0884,0x0884,0x0884,0x0884,0x0884,0x0884,0x0884,0x0884,0x0884,0x0884,0x0884,0x0884,
  0x0884,0x0884,0x0884,0x0884,0x0884,0x0884,0x0884,0x0884,0x0884,0x0884,0x0884,0x0884,
  0x0884,0x0884,0x0884,0x0884,0x0884,0x0884,0x0884,0x0884,0x0884,0x0884,0x0884,0x634F,
  0xE75F,0xCEBD,0x2167,0x0884,0x0884,0x0884,0x0884,0x0884,0x0884,0x0884,0x0884,0x0884,
  0x0884,0x0884,0x0884,0x0884,0x0884,0x0884,0x0884,0x0884,0x0884,0x0884,0x0884,0x9D57,
  0xE75F,0x8C94,0x10C5,0x0884,0x0884,0x0884,0x0884,0x0884,0x0884,0x0884,0x0884,0x0884,
  0x0884,0x0884,0x0884,0x0884,0x0884,0x0884,0x0884,0x0884,0x0884,0x0884,0x0884,0x0884,
  0x0884,0x0884,0x0884,0x0884,0x0884,0x0884,0x0884,0x0884,0x0884,0x0884,0x0884,0x0884,
  0x0884,0x0884,0x0884,0x0884,0x0884,0x0884,0x0884,0x0884,0x0884,0x0884,0x0884,0x0884,
  0x0884,0x0884,0x0884,0x0884,0x0884,0x0884,0x0884,0x0884,0x0884,0x0884,0x0884,0x0884,
  0x0884,0x0884,0x0884,0x0884,0x0884,0x0884,0x0884,0x0884,0x0884,0x0884,0x0884,0x0884,
  0x0884,0x0884,0x0884,0x0884,0x0884,0x0884,0x0884,0x0884,0x0884,0x0884,0x0884,0x0884,
  0x0884,0x0884,0x0884,0x0884,0x0884,0x0884,0x0884,0x0884,0x0884,0x0884,0x0884,0x0884,
  0x0884,0x0884,0x0884,0x0884,0x0884,0x0884,0x0884,0x0884,0x0884,0x0884,0x0884,0x0884,
  0x0884,0x0884,0x0884,0x0884,0x0884,0x0884,0x0884,0x0884,0x0884,0x0884,0x0884,0x0884,
  0x0884,0x0884,0x0884,0x0884,0x0884,0x0884,0x0884,0x0884,0x0884,0x0884,0x0884,0x0884,
  0x0884,0x0884,0x1906,0xCEBD,0xE75F,0xE75F,0xC69C,0x1906,0x0884,0x0884,0x0884,0x0884,
  0x0884,0x0884,0x0884,0x0884,0x0884,0x0884,0x0884,0x0884,0x0884,0x0884,0x0884,0x0884,
  0x0884,0x0884,0x8473,0xE75F,0xE75F,0xE75F,0x4A6C,0x0884,0x0884,0x0884,0x0884,0x0884,
  0x0884,0x0884,0x0884,0x0884,0x0884,0x0884,0x0884,0x0884,0x0884,0x0884,0x0884,0x0884,
  0x0884,0x0884,0x0884,0x0884,0x0884,0x0884,0x0884,0x0884,0x0884,0x0884,0x0884,0x0884,
  0x0884,0x0884,0x0884,0x0884,0x0884,0x0884,0x0884,0x0884,0x0884,0x0884,0x0884,0x0884,
  0x0884,0x0884,0x0884,0x0884,0x0884,0x0884,0x0884,0x0884,0x0884,0x0884,0x0884,0x0884,
  0x0884,0x0884,0x0884,0x0884,0x0884,0x0884,0x0884,0x0884,0x0884,0x0884,0x0884,0x0884,
  0x0884,0x0884,0x0884,0x0884,0x0884,0x0884,0x0884,0x0884,0x0884,0x0884,0x0884,0x0884,
  0x0884,0x0884,0x0884,0x0884,0x0884,0x0884,0x0884,0x0884,0x0884,0x0884,0x0884,0x0884,
  0x0884,0x0884,0x0884,0x0884,0x0884,0x0884,0x0884,0x0884,0x0884,0x0884,0x0884,0x0884,
  0x0884,0x0884,0x0884,0x0884,0x0884,0x0884,0x0884,0x0884,0x0884,0x0884,0x0884,0x0884,
  0x0884,0x0884,0x0884,0x0884,0x0884,0x0884,0x0884,0x0884,0x0884,0x0884,0x0884,0x0884,
  0x0884,0x0884,0x0884,0x0884,0x0884,0x0884,0x0884,0x31C9,0xDF3F,0xE75F,0xE75F,0xC65B,
  0x4A6C,0x0884,0x0884,0x0884,0x0884,0x0884,0x0884,0x0884,0x0884,0x0884,0x0884,0x0884,
  0x0884,0x0884,0x0884,0x0884,0x1906,0x9D57,0xE75F,0xE75F,0xE75F,0x8473,0x0884,0x0884,
  0x0884,0x0884,0x0884,0x0884,0x0884,0x0884,0x0884,0x0884,0x0884,0x0884,0x0884,0x0884,
  0x0884,0x0884,0x0884,0x0884,0x0884,0x0884,0x0884,0x0884,0x0884,0x0884,0x0884,0x0884,
  0x0884,0x0884,0x0884,0x0884,0x0884,0x0884,0x0884,0x0884,0x0884,0x0884,0x0884,0x0884,
  0x0884,0x0884,0x0884,0x0884,0x0884,0x0884,0x0884,0x0884,0x0884,0x0884,0x0884,0x0884,
  0x0884,0x0884,0x0884,0x0884,0x0884,0x0884,0x0884,0x0884,0x0884,0x0884,0x0884,0x0884,
  0x0884,0x0884,0x0884,0x0884,0x0884,0x0884,0x0884,0x0884,0x0884,0x0884,0x0884,0x0884,
  0x0884,0x0884,0x0884,0x0884,0x0884,0x0884,0x0884,0x0884,0x0884,0x0884,0x0884,0x0884,
  0x0884,0x0884,0x0884,0x0884,0x0884,0x0884,0x0884,0x0884,0x0884,0x0884,0x0884,0x0884,
  0x0884,0x0884,0x0884,0x0884,0x0884,0x0884,0x0884,0x0884,0x0884,0x0884,0x0884,0x0884,
  0x0884,0x0884,0x0884,0x0884,0x0884,0x0884,0x0884,0x0884,0x0884,0x0884,0x0884,0x0884,
  0x0884,0x0884,0x0884,0x0884,0x0884,0x0884,0x0884,0x0884,0x0884,0x0884,0x0884,0x0884,
  0x4A6C,0xE75F,0xE75F,0xE75F,0xE75F,0xADB9,0x31C9,0x0884,0x0884,0x0884,0x0884,0x0884,
  0x0884,0x0884,0x0884,0x0884,0x0884,0x0884,0x10C5,0x634F,0xD6FE,0xE75F,0xE75F,0xE75F,
  0x9D57,0x10C5,0x0884,0x0884,0x0884,0x0884,0x0884,0x0884,0x0884,0x0884,0x0884,0x0884,
  0x0884,0x0884,0x0884,0x0884,0x0884,0x0884,0x0884,0x0884,0x0884,0x0884,0x0884,0x0884,
  0x0884,0x0884,0x0884,0x0884,0x0884,0x0884,0x0884,0x0884,0x0884,0x0884,0x0884,0x0884,
  0x0884,0x0884,0x0884,0x0884,0x0884,0x0884,0x0884,0x0884,0x0884,0x0884,0x0884,0x0884,
  0x0884,0x0884,0x0884,0x0884,0x0884,0x0884,0x0884,0x0884,0x0884,0x0884,0x0884,0x0884,
  0x0884,0x0884,0x0884,0x0884,0x0884,0x0884,0x0884,0x0884,0x0884,0x0884,0x0884,0x0884,
  0x0884,0x0884,0x0884,0x0884,0x0884,0x0884,0x0884,0x0884,0x0884,0x0884,0x0884,0x0884,
  0x0884,0x0884,0x0884,0x0884,0x0884,0x0884,0x0884,0x0884,0x0884,0x0884,0x0884,0x0884,
  0x0884,0x0884,0x0884,0x0884,0x0884,0x0884,0x0884,0x0884,0x0884,0x0884,0x0884,0x0884,
  0x0884,0x0884,0x0884,0x0884,0x0884,0x0884,0x0884,0x0884,0x0884,0x0884,0x0884,0x0884,
  0x0884,0x0884,0x0884,0x0884,0x0884,0x0884,0x0884,0x0884,0x0884,0x0884,0x0884,0x0884,
  0x0884,0x0884,0x0884,0x0884,0x0884,0x5B0E,0xDF3F,0xE75F,0xE75F,0xE75F,0xE75F,0xA578,
  0x6B90,0x29A8,0x0884,0x0884,0x0884,0x0884,0x0884,0x2167,0x4A6C,0x8C94,0xD6FE,0xE75F,
  0xE75F,0xE75F,0xE75F,0x8473,0x0884,0x0884,0x0884,0x0884,0x0884,0x0884,0x0884,0x0884,
  0x0884,0x0884,0x0884,0x0884,0x0884,0x0884,0x0884,0x0884,0x0884,0x0884,0x0884,0x0884,
  0x0884,0x0884,0x0884,0x0884,0x0884,0x0884,0x0884,0x0884,0x0884,0x0884,0x0884,0x0884,
  0x0884,0x0884,0x0884,0x0884,0x0884,0x0884,0x0884,0x0884,0x0884,0x0884,0x0884,0x0884,
  0x0884,0x0884,0x0884,0x0884,0x0884,0x0884,0x0884,0x0884,0x0884,0x0884,0x0884,0x0884,
  0x0884,0x0884,0x0884,0x0884,0x0884,0x0884,0x0884,0x0884,0x0884,0x0884,0x0884,0x0884,
  0x0884,0x0884,0x0884,0x0884,0x0884,0x0884,0x0884,0x0884,0x0884,0x0884,0x0884,0x0884,
  0x0884,0x0884,0x0884,0x0884,0x0884,0x0884,0x0884,0x0884,0x0884,0x0884,0x0884,0x0884,
  0x0884,0x0884,0x0884,0x0884,0x0884,0x0884,0x0884,0x0884,0x0884,0x0884,0x0884,0x0884,
  0x0884,0x0884,0x0884,0x0884,0x0884,0x0884,0x0884,0x0884,0x0884,0x0884,0x0884,0x0884,
  0x0884,0x0884,0x0884,0x0884,0x0884,0x0884,0x0884,0x0884,0x0884,0x0884,0x0884,0x0884,
  0x0884,0x0884,0x0884,0x0884,0x0884,0x0884,0x0884,0x0884,0x0884,0x0884,0x2167,0x9D16,
  0xE75F,0xE75F,0xE75F,0xE75F,0xE75F,0xE75F,0xE75F,0xCEBD,0xE75F,0xE75F,0xE75F,0xE75F,
  0xE75F,0xE75F,0xE75F,0xE75F,0xE75F,0xC69C,0x4AAD,0x0884,0x0884,0x0884,0x0884,0x0884,
  0x0884,0x0884,0x0884,0x0884,0x0884,0x0884,0x0884,0x0884,0x0884,0x0884,0x0884,0x0884,
  0x0884,0x0884,0x0884,0x0884,0x0884,0x0884,0x0884,0x0884,0x0884,0x0884,0x0884,0x0884,
  0x0884,0x0884,0x0884,0x0884,0x0884,0x0884,0x0884,0x0884,0x0884,0x0884,0x0884,0x0884,
  0x0884,0x0884,0x0884,0x0884,0x0884,0x0884,0x0884,0x0884,0x0884,0x0884,0x0884,0x0884,
  0x0884,0x0884,0x0884,0x0884,0x0884,0x0884,0x0884,0x0884,0x0884,0x0884,0x0884,0x0884,
  0x0884,0x0884,0x0884,0x0884,0x0884,0x0884,0x0884,0x0884,0x0884,0x0884,0x0884,0x0884,
  0x0884,0x0884,0x0884,0x0884,0x0884,0x0884,0x0884,0x0884,0x0884,0x0884,0x0884,0x0884,
  0x0884,0x0884,0x0884,0x0884,0x0884,0x0884,0x0884,0x0884,0x0884,0x0884,0x0884,0x0884,
  0x0884,0x0884,0x0884,0x0884,0x0884,0x0884,0x0884,0x0884,0x0884,0x0884,0x0884,0x0884,
  0x0884,0x0884,0x0884,0x0884,0x0884,0x0884,0x0884,0x0884,0x0884,0x0884,0x0884,0x0884,
  0x0884,0x0884,0x0884,0x0884,0x0884,0x0884,0x0884,0x0884,0x0884,0x0884,0x0884,0x0884,
  0x0884,0x0884,0x0884,0x0884,0x31C9,0xA578,0xE75F,0xE75F,0xE75F,0xE75F,0xE75F,0xE75F,
  0xE75F,0xE75F,0xE75F,0xE75F,0xE75F,0xE75F,0xE75F,0xC69C,0x6B90,0x10C5,0x0884,0x0884,
  0x0884,0x0884,0x0884,0x0884,0x0884,0x0884,0x0884,0x0884,0x0884,0x0884,0x0884,0x0884,
  0x0884,0x0884,0x0884,0x0884,0x0884,0x0884,0x0884,0x0884,0x0884,0x0884,0x0884,0x0884,
  0x0884,0x0884,0x0884,0x0884,0x0884,0x0884,0x0884,0x0884,0x0884,0x0884,0x0884,0x0884,
  0x0884,0x0884,0x0884,0x0884,0x0884,0x0884,0x0884,0x0884,0x0884,0x0884,0x0884,0x0884,
  0x0884,0x0884,0x0884,0x0884,0x0884,0x0884,0x0884,0x0884,0x0884,0x0884,0x0884,0x0884,
  0x0884,0x0884,0x0884,0x0884,0x0884,0x0884,0x0884,0x0884,0x0884,0x0884,0x0884,0x0884,
  0x0884,0x0884,0x0884,0x0884,0x0884,0x0884,0x0884,0x0884,0x0884,0x0884,0x0884,0x0884,
  0x0884,0x0884,0x0884,0x0884,0x0884,0x0884,0x0884,0x0884,0x0884,0x0884,0x0884,0x0884,
  0x0884,0x0884,0x0884,0x0884,0x0884,0x0884,0x0884,0x0884,0x0884,0x0884,0x0884,0x0884,
  0x0884,0x0884,0x0884,0x0884,0x0884,0x0884,0x0884,0x0884,0x0884,0x0884,0x0884,0x0884,
  0x0884,0x0884,0x0884,0x0884,0x0884,0x0884,0x0884,0x0884,0x0884,0x0884,0x0884,0x0884,
  0x0884,0x0884,0x0884,0x0884,0x0884,0x0884,0x0884,0x0884,0x0884,0x0884,0x29A8,0x6B90,
  0x9D57,0xDF3F,0xE75F,0xE75F,0xE75F,0xE75F,0xE75F,0xD6FE,0xADB9,0x7C33,0x4A6C,0x0884,
  0x0884,0x0884,0x0884,0x0884,0x0884,0x0884,0x0884,0x0884,0x0884,0x0884,0x0884,0x0884,
  0x0884,0x0884,0x0884,0x0884,0x0884,0x0884,0x0884,0x0884,0x0884,0x0884,0x0884,0x0884,
  0x0884,0x0884,0x0884,0x0884,0x0884,0x0884,0x0884,0x0884,0x0884,0x0884,0x0884,0x0884,
  0x0884,0x0884,0x0884,0x0884,0x0884,0x0884,0x0884,0x0884,0x0884,0x0884,0x0884,0x0884,
  0x0884,0x0884,0x0884,0x0884,0x0884,0x0884,0x0884,0x0884,0x0884,0x0884,0x0884,0x0884,
  0x0884,0x0884,0x0884,0x0884,0x0884,0x0884,0x0884,0x0884,0x0884,0x0884,0x0884,0x0884,
  0x0884,0x0884,0x0884,0x0884,0x0884,0x0884,0x0884,0x0884,0x0884,0x0884,0x0884,0x0884,
  0x0884,0x0884,0x0884,0x0884,0x0884,0x0884,0x0884,0x0884,0x0884,0x0884,0x0884,0x0884,
  0x0884,0x0884,0x0884,0x0884,0x0884,0x0884,0x0884,0x0884,0x0884,0x0884,0x0884,0x0884,
  0x0884,0x0884,0x0884,0x0884,0x0884,0x0884,0x0884,0x0884,0x0884,0x0884,0x0884,0x0884,
  0x0884,0x0884,0x0884,0x0884,0x0884,0x0884,0x0884,0x0884,0x0884,0x0884,0x0884,0x0884,
  0x0884,0x0884,0x0884,0x0884,0x0884,0x0884,0x0884,0x0884,0x0884,0x0884,0x0884,0x0884,
  0x0884,0x0884,0x0884,0x0884,0x0884,0x0884,0x0884,0x2967,0x424B,0x10C5,0x0884,0x0884,
  0x0884,0x0884,0x0884,0x0884,0x0884,0x0884,0x0884,0x0884,0x0884,0x0884,0x0884,0x0884,
  0x0884,0x0884,0x0884,0x0884,0x0884,0x0884,0x0884,0x0884,0x0884,0x0884,0x0884,0x0884,
  0x0884,0x0884,0x0884,0x0884,0x0884,0x0884,0x0884,0x0884,0x0884,0x0884,0x0884,0x0884,
  0x0884,0x0884,0x0884,0x0884,0x0884,0x0884,0x0884,0x0884,0x0884,0x0884,0x0884,0x0884,
  0x0884,0x0884,0x0884,0x0884,0x0884,0x0884,0x0884,0x0884,0x0884,0x0884,0x0884,0x0884,
  0x0884,0x0884,0x0884,0x0884,0x0884,0x0884,0x0884,0x0884,0x0884,0x0884,0x0884,0x0884,
  0x0884,0x0884,0x0884,0x0884,0x0884,0x0884,0x0884,0x0884,0x0884,0x0884,0x0884,0x0884,
  0x0884,0x0884,0x0884,0x0884,0x0884,0x0884,0x0884,0x0884,0x0884,0x0884,0x0884,0x0884,
  0x0884,0x0884,0x0884,0x0884,0x0884,0x0884,0x0884,0x0884,0x0884,0x0884,0x0884,0x0884,
  0x0884,0x0884,0x0884,0x0884,0x0884,0x0884,0x0884,0x0884,0x0884,0x0884,0x0884,0x0884,
  0x0884,0x0884,0x0884,0x0884,0x0884,0x0884,0x0884,0x0884,0x0884,0x0884,0x0884,0x0884,
  0x0884,0x0884,0x0884,0x0884,0x0884,0x0884,0x0884,0x0884,0x0884,0x0884,0x0884,0x0884,
  0x0884,0x0884,0x0884,0x0884,0x0884,0x0884,0x0884,0x0884,0x0884,0x0884,0x0884,0x0884,
  0x0884,0x0884,0x0884,0x0884,0x0884,0x0884,0x0884,0x0884,0x0884,0x0884,0x0884,0x0884,
  0x0884,0x0884,0x0884,0x0884,0x0884,0x0884,0x0884,0x0884,0x0884,0x0884,0x0884,0x0884,
  0x0884,0x0884,0x0884,0x0884,0x0884,0x0884,0x0884,0x0884,0x0884,0x0884,0x0884,0x0884,
  0x0884,0x0884,0x0884,0x0884,0x0884,0x0884,0x0884,0x0884,0x0884,0x0884,0x0884,0x0884,
  0x0884,0x0884,0x0884,0x0884,0x0884,0x0884,0x0884,0x0884,0x0884,0x0884,0x0884,0x0884,
  0x0884,0x0884,0x0884,0x0884,0x0884,0x0884,0x0884,0x0884,0x0884,0x0884,0x0884,0x0884,
  0x0884,0x0884,0x0884,0x0884,0x0884,0x0884,0x0884,0x0884,0x0884,0x0884,0x0884,0x0884,
  0x0884,0x0884,0x0884,0x0884,0x0884,0x0884,0x0884,0x0884,0x0884,0x0884,0x0884,0x0884,
  0x0884,0x0884,0x0884,0x0884,0x0884,0x0884,0x0884,0x0884,0x0884,0x0884,0x0884,0x0884,
  0x0884,0x0884,0x0884,0x0884,0x0884,0x0884,0x0884,0x0884,0x0884,0x0884,0x0884,0x0884,
  0x0884,0x0884,0x0884,0x0884,0x0884,0x0884,0x0884,0x0884,0x0884,0x0884,0x0884,0x0884,
  0x0884,0x0884,0x0884,0x0884,0x0884,0x0884,0x0884,0x0884,0x0884,0x0884,0x0884,0x0884,
  0x0884,0x0884,0x0884,0x0884,0x0884,0x0884,0x0884,0x0884,0x0884,0x0884,0x0884,0x0884,
  0x0884,0x0884,0x0884,0x0884,0x0884,0x0884,0x0884,0x0884,0x0884,0x0884,0x0884,0x0884,
  0x0884,0x0884,0x0884,0x0884,0x0884,0x0884,0x0884,0x0884,0x0884,0x0884,0x0884,0x0884,
  0x0884,0x0884,0x0884,0x0884,0x0884,0x0884,0x0884,0x0884,0x0884,0x0884,0x0884,0x0884,
  0x0884,0x0884,0x0884,0x0884,0x0884,0x0884,0x0884,0x0884,0x0884,0x0884,0x0884,0x0884,
  0x0884,0x0884,0x0884,0x0884,0x0884,0x0884,0x0884,0x0884,0x0884,0x0884,0x0884,0x0884,
  0x0884,0x0884,0x0884,0x0884,0x0884,0x0884,0x0884,0x0884,0x0884,0x0884,0x0884,0x0884,
  0x0884,0x0884,0x0884,0x0884,0x0884,0x0884,0x0884,0x0884,0x0884,0x0884,0x0884,0x0884,
  0x0884,0x0884,0x0884,0x0884,0x0884,0x0884,0x0884,0x0884,0x0884,0x0884,0x0884,0x0884,
  0x0884,0x0884,0x0884,0x0884,0x0884,0x0884,0x0884,0x0884,0x0884,0x0884,0x0884,0x0884,
  0x0884,0x0884,0x0884,0x0884,0x0884,0x0884,0x0884,0x0884,0x0884,0x0884,0x0884,0x0884,
  0x0884,0x0884,0x0884,0x0884,0x0884,0x0884,0x0884,0x0884,0x0884,0x0884,0x0884,0x0884,
  0x0884,0x0884,0x0884,0x0884,0x0884,0x0884,0x0884,0x0884,0x0884,0x0884,0x0884,0x0884,
  0x0884,0x0884,0x0884,0x0884,0x0884,0x0884,0x0884,0x0884,0x0884,0x0884,0x0884,0x0884,
  0x0884,0x0884,0x0884,0x0884,0x0884,0x0884,0x0884,0x0884,0x0884,0x0884,0x0884,0x0884,
  0x0884,0x0884,0x0884,0x0884,0x0884,0x0884,0x0884,0x0884,0x0884,0x0884,0x0884,0x0884,
  0x0884,0x0884,0x0884,0x0884,0x0884,0x0884,0x0884,0x0884,0x0884,0x0884,0x0884,0x0884,
  0x0884,0x0884,0x0884,0x0884,0x0884,0x0884,0x0884,0x0884,0x0884,0x0884,0x0884,0x0884,
  0x0884,0x0884,0x0884,0x0884,0x0884,0x0884,0x0884,0x0884,0x0884,0x0884,0x0884,0x0884,
  0x0884,0x0884,0x0884,0x0884,0x0884,0x0884,0x0884,0x0884,0x0884,0x0884,0x0884,0x0884,
  0x0884,0x0884,0x0884,0x0884,0x0884,0x0884,0x0884,0x0884,0x0884,0x0884,0x0884,0x0884,
  0x0884,0x0884,0x0884,0x0884,0x0884,0x0884,0x0884,0x0884,0x0884,0x0884,0x0884,0x0884,
  0x0884,0x0884,0x0884,0x0884,0x0884,0x0884,0x0884,0x0884,0x0884,0x0884,0x0884,0x0884,
  0x0884,0x0884,0x0884,0x0884,0x0884,0x0884,0x0884,0x0884,0x0884,0x0884,0x0884,0x0884,
  0x0884,0x0884,0x0884,0x0884,0x0884,0x0884,0x0884,0x0884,0x0884,0x0884,0x0884,0x0884,
  0x0884,0x0884,0x0884,0x0884,0x0884,0x0884,0x0884,0x0884,0x0884,0x0884,0x0884,0x0884,
  0x0884,0x0884,0x0884,0x0884,0x0884,0x0884,0x0884,0x0884,0x0884,0x0884,0x0884,0x0884,
  0x0884,0x0884,0x0884,0x0884,0x0884,0x0884,0x0884,0x0884,0x0884,0x0884,0x0884,0x0884,
  0x0884,0x0884,0x0884,0x0884,0x0884,0x0884,0x0884,0x0884,0x0884,0x0884,0x0884,0x0884,
  0x0884,0x0884,0x0884,0x0884,0x0884,0x0884,0x0884,0x0884,0x0884,0x0884,0x0884,0x0884,
  0x0884,0x0884,0x0884,0x0884,0x0884,0x0884,0x0884,0x0884,0x0884,0x0884,0x0884,0x0884,
  0x0884,0x0884,0x0884,0x0884,0x0884,0x0884,0x0884,0x0884,0x0884,0x0884,0x0884,0x0884,
  0x0884,0x0884,0x0884,0x0884,0x0884,0x0884,0x0884,0x0884,0x0884,0x0884,0x0884,0x0884,
  0x0884,0x0884,0x0884,0x0884,0x0884,0x0884,0x0884,0x0884,0x0884,0x0884,0x0884,0x0884,
  0x0884,0x0884,0x0884,0x0884,0x0884,0x0884,0x0884,0x0884,0x0884,0x0884,0x0884,0x0884,
  0x0884,0x0884,0x0884,0x0884,0x0884,0x0884,0x0884,0x0884,0x0884,0x0884,0x0884,0x0884,
  0x0884,0x0884,0x0884,0x0884,0x0884,0x0884,0x0884,0x0884,0x0884,0x0884,0x0884,0x0884,
  0x0884,0x0884,0x0884,0x0884,0x0884,0x0884,0x0884,0x0884,0x0884,0x0884,0x0884,0x0884,
  0x0884,0x0884,0x0884,0x0884,0x0884,0x0884,0x0884,0x0884,0x0884,0x0884,0x0884,0x0884,
  0x0884,0x0884,0x0884,0x0884,0x0884,0x0884,0x0884,0x0884,0x0884,0x0884,0x0884,0x0884,
  0x0884,0x0884,0x0884,0x0884,0x0884,0x0884,0x0884,0x0884,0x0884,0x0884,0x0884,0x0884,
  0x0884,0x0884,0x0884,0x0884,0x0884,0x0884,0x0884,0x0884,0x0884,0x0884,0x0884,0x0884,
  0x0884,0x0884,0x0884,0x0884,0x0884,0x0884,0x0884,0x0884,0x0884,0x0884,0x0884,0x0884,
  0x0884,0x0884,0x0884,0x0884,0x0884,0x0884,0x0884,0x0884,0x0884,0x0884,0x0884,0x0884,
  0x0884,0x0884,0x0884,0x0884,0x0884,0x0884,0x0884,0x0884,0x0884,0x0884,0x0884,0x0884,
  0x0884,0x0884,0x0884,0x0884,0x0884,0x0884,0x0884,0x0884,0x0884,0x0884,0x0884,0x0884,
  0x0884,0x0884,0x0884,0x0884,0x0884,0x0884,0x0884,0x0884,0x0884,0x0884,0x0884,0x0884,
  0x0884,0x0884,0x0884,0x0884,0x0884,0x0884,0x0884,0x0884,0x0884,0x0884,0x0884,0x0884,
  0x0884,0x0884,0x0884,0x0884,0x0884,0x0884,0x0884,0x0884,0x0884,0x0884,0x0884,0x0884,
  0x0884,0x0884,0x0884,0x0884,0x0884,0x0884,0x0884,0x0884,0x0884,0x0884,0x0884,0x0884,
  0x0884,0x0884,0x0884,0x0884,0x0884,0x0884,0x0884,0x0884,0x0884,0x0884,0x0884,0x0884,
  0x0884,0x0884,0x0884,0x0884,0x0884,0x0884,0x0884,0x0884,0x0884,0x0884,0x0884,0x0884,
  0x0884,0x0884,0x0884,0x0884,0x0884,0x0884,0x0884,0x0884,0x0884,0x0884,0x0884,0x0884,
  0x0884,0x0884,0x0884,0x0884,0x0884,0x0884,0x0884,0x0884,0x0884,0x0884,0x0884,0x0884,
  0x0884,0x0884,0x0884,0x0884,0x0884,0x0884,0x0884,0x0884,0x0884,0x0884,0x0884,0x0884,
  0x0884,0x0884,0x0884,0x0884,0x0884,0x0884,0x0884,0x0884,0x0884,0x0884,0x0884,0x0884,
  0x0884,0x0884,0x0884,0x0884,0x0884,0x0884,0x0884,0x0884,0x0884,0x0884,0x0884,0x0884,
  0x0884,0x0884,0x0884,0x0884,0x0884,0x0884,0x0884,0x0884,0x0884,0x0884,0x0884,0x0884,
  0x0884,0x0884,0x0884,0x0884,0x0884,0x0884,0x0884,0x0884,0x0884,0x0884,0x0884,0x0884,
  0x0884,0x0884,0x0884,0x0884,0x0884,0x0884,0x0884,0x0884,0x0884,0x0884,0x0884,0x0884,
  0x0884,0x0884,0x0884,0x0884,0x0884,0x0884,0x0884,0x0884,0x0884,0x0884,0x0884,0x0884,
  0x0884,0x0884,0x0884,0x0884,0x0884,0x0884,0x0884,0x0884,0x0884,0x0884,0x0884,0x0884,
  0x0884,0x0884,0x0884,0x0884,0x0884,0x0884,0x0884,0x0884,0x0884,0x0884,0x0884,0x0884,
  0x0884,0x0884,0x0884,0x0884,0x0884,0x0884,0x0884,0x0884,0x0884,0x0884,0x0884,0x0884,
  0x0884,0x0884,0x0884,0x0884,0x0884,0x0884,0x0884,0x0884,0x0884,0x0884,0x0884,0x0884,
  0x0884,0x0884,0x0884,0x0884,0x0884,0x0884,0x0884,0x0884,0x0884,0x0884,0x0884,0x0884,
  0x0884,0x0884,0x0884,0x0884,0x0884,0x0884,0x0884,0x0884,0x0884,0x0884,0x0884,0x0884,
  0x0884,0x0884,0x0884,0x0884,0x0884,0x0884,0x0884,0x0884,0x0884,0x0884,0x0884,0x0884,
  0x0884,0x0884,0x0884,0x0884,0x0884,0x0884,0x0884,0x0884,0x0884,0x0884,0x0884,0x0884,
  0x0884,0x0884,0x0884,0x0884,0x0884,0x0884,0x0884,0x0884,0x0884,0x0884,0x0884,0x0884,
  0x0884,0x0884,0x0884,0x0884,0x0884,0x0884,0x0884,0x0884,0x0884,0x0884,0x0884,0x0884,
  0x0884,0x0884,0x0884,0x0884,0x0884,0x0884,0x0884,0x0884,0x0884,0x0884,0x0884,0x0884,
  0x0884,0x0884,0x0884,0x0884,0x0884,0x0884,0x0884,0x0884,0x0884,0x0884,0x0884,0x0884,
  0x0884,0x0884,0x0884,0x0884,0x0884,0x0884,0x0884,0x0884,0x0884,0x0884,0x0884,0x0884,
  0x0884,0x0884,0x0884,0x0884,0x0884,0x0884,0x0884,0x0884,0x0884,0x0884,0x0884,0x0884,
  0x0884,0x0884,0x0884,0x0884,0x0884,0x0884,0x0884,0x0884,0x0884,0x0884,0x0884,0x0884,
  0x0884,0x0884,0x0884,0x0884,0x0884,0x0884,0x0884,0x0884,0x0884,0x0884,0x0884,0x0884,
  0x0884,0x0884,0x0884,0x0884,0x0884,0x0884,0x0884,0x0884,0x0884,0x0884,0x0884,0x0884,
  0x0884,0x0884,0x0884,0x0884,0x0884,0x0884,0x0884,0x0884,0x0884,0x0884,0x0884,0x0884,
  0x0884,0x0884,0x0884,0x0884,0x0884,0x0884,0x0884,0x0884,0x0884,0x0884,0x0884,0x0884,
  0x0884,0x0884,0x0884,0x0884,0x0884,0x0884,0x0884,0x0884,0x0884,0x0884,0x0884,0x0884,
  0x0884,0x0884,0x0884,0x0884,0x0884,0x0884,0x0884,0x0884,0x0884,0x0884,0x0884,0x0884,
  0x0884,0x0884,0x0884,0x0884,0x0884,0x0884,0x0884,0x0884,0x0884,0x0884,0x0884,0x0884,
  0x0884,0x0884,0x0884,0x0884,0x0884,0x0884,0x0884,0x0884,0x0884,0x0884,0x0884,0x0884,
  0x0884,0x0884,0x0884,0x0884,0x0884,0x0884,0x0884,0x0884,0x0884,0x0884,0x0884,0x0884,
  0x0884,0x0884,0x0884,0x0884,0x0884,0x0884,0x0884,0x0884,0x0884,0x0884,0x0884,0x0884,
  0x0884,0x0884,0x0884,0x0884,0x0884,0x0884,0x0884,0x0884,0x0884,0x0884,0x0884,0x0884,
  0x0884,0x0884,0x0884,0x0884,0x0884,0x0884,0x0884,0x0884,0x0884,0x0884,0x0884,0x0884,
  0x0884,0x0884,0x0884,0x0884,0x0884,0x0884,0x0884,0x0884,0x0884,0x0884,0x0884,0x0884,
  0x0884,0x0884,0x0884,0x0884,0x0884,0x0884,0x0884,0x0884,0x0884,0x0884,0x0884,0x0884,
  0x0884,0x0884,0x0884,0x0884,0x0884,0x0884,0x0884,0x0884,0x0884,0x0884,0x0884,0x0884,
  0x0884,0x0884,0x0884,0x0884,0x0884,0x0884,0x0884,0x0884,0x0884,0x0884,0x0884,0x0884,
  0x0884,0x0884,0x0884,0x0884,0x0884,0x0884,0x0884,0x0884,0x0884,0x0884,0x0884,0x0884,
  0x0884,0x0884,0x0884,0x0884,0x0884,0x0884,0x0884,0x0884,0x0884,0x0884,0x0884,0x0884,
  0x0884,0x0884,0x0884,0x0884,0x0884,0x0884,0x0884,0x0884,0x0884,0x0884,0x0884,0x0884,
  0x0884,0x0884,0x0884,0x0884,0x0884,0x0884,0x0884,0x0884,0x0884,0x0884,0x0884,0x0884,
  0x0884,0x0884,0x0884,0x0884,0x0884,0x0884,0x0884,0x0884,0x0884,0x0884,0x0884,0x0884,
  0x0884,0x0884,0x0884,0x0884,0x0884,0x0884,0x0884,0x0884,0x0884,0x0884,0x0884,0x0884,
  0x0884,0x0884,0x0884,0x0884,0x0884,0x0884,0x0884,0x0884,0x0884,0x0884,0x0884,0x0884,
  0x0884,0x0884,0x0884,0x0884,0x0884,0x0884,0x0884,0x0884,0x0884,0x0884,0x0884,0x0884,
  0x0884,0x0884,0x0884,0x0884,0x0884,0x0884,0x0884,0x0884,0x0884,0x0884,0x0884,0x0884,
  0x0884,0x0884,0x0884,0x0884,0x0884,0x0884,0x0884,0x0884,0x0884,0x0884,0x0884,0x0884,
  0x0884,0x0884,0x0884,0x0884,0x0884,0x0884,0x0884,0x0884,0x0884,0x0884,0x0884,0x0884,
  0x0884,0x0884,0x0884,0x0884,0x0884,0x0884,0x0884,0x0884,0x0884,0x0884,0x0884,0x0884,
  0x0884,0x0884,0x0884,0x0884,0x0884,0x0884,0x0884,0x0884,0x0884,0x0884,0x0884,0x0884,
  0x0884,0x0884,0x0884,0x0884,0x0884,0x0884,0x0884,0x0884,0x0884,0x0884,0x0884,0x0884,
  0x0884,0x0884,0x0884,0x0884,0x0884,0x0884,0x0884,0x065F,0x065F,0x065F,0x065F,0x065F,
  0x09AA,0x0884,0x0968,0x0415,0x065F,0x065F,0x057C,0x0A0B,0x0884,0x065F,0x065F,0x065F,
  0x065F,0x057C,0x0AAE,0x0884,0x0884,0x0415,0x065F,0x065F,0x057C,0x0A0B,0x0884,0x0884,
  0x0AAE,0x057C,0x065F,0x065F,0x0AF0,0x0884,0x0884,0x0884,0x0884,0x0884,0x0884,0x0884,
  0x0884,0x0884,0x0884,0x0884,0x0884,0x0884,0x0884,0x0884,0x0884,0x0884,0x0884,0x0884,
  0x0884,0x0884,0x0884,0x0884,0x0884,0x0884,0x0884,0x0884,0x0884,0x0884,0x0884,0x0884,
  0x0884,0x0884,0x0884,0x0884,0x0884,0x0884,0x0884,0x0884,0x0884,0x0884,0x0884,0x0884,
  0x0884,0x0884,0x0884,0x0884,0x0884,0x0884,0x0884,0x0884,0x0884,0x0884,0x0884,0x0884,
  0x0884,0x0884,0x0884,0x0884,0x0884,0x0884,0x0884,0x0884,0x0884,0x0884,0x0884,0x0884,
  0x0884,0x0884,0x0884,0x0884,0x0884,0x0884,0x0884,0x0884,0x0884,0x0884,0x0884,0x0884,
  0x0884,0x0884,0x0884,0x0884,0x0884,0x0884,0x0884,0x0884,0x0884,0x0884,0x0884,0x0884,
  0x0884,0x0884,0x0884,0x0884,0x0884,0x0884,0x0884,0x0884,0x0884,0x0884,0x0884,0x0884,
  0x0884,0x0884,0x0884,0x0884,0x0884,0x0884,0x0884,0x0884,0x0884,0x0884,0x0884,0x0884,
  0x0884,0x0884,0x0884,0x0884,0x0884,0x0884,0x0884,0x0884,0x0884,0x0884,0x0884,0x065F,
  0x065F,0x065F,0x065F,0x065F,0x09AA,0x0927,0x065F,0x065F,0x065F,0x065F,0x065F,0x0AF0,
  0x0884,0x065F,0x065F,0x065F,0x065F,0x065F,0x065F,0x0A4D,0x0884,0x065F,0x065F,0x065F,
  0x065F,0x065F,0x08C6,0x0884,0x065F,0x065F,0x065F,0x065F,0x065F,0x09AA,0x0884,0x0884,
  0x0884,0x0884,0x0884,0x0884,0x0884,0x0884,0x0884,0x0884,0x0884,0x0884,0x0884,0x0884,
  0x0884,0x0884,0x0884,0x0884,0x0884,0x0884,0x0884,0x0884,0x0884,0x0884,0x0884,0x0884,
  0x0884,0x0884,0x0884,0x0884,0x0884,0x0884,0x0884,0x0884,0x0884,0x0884,0x0884,0x0884,
  0x0884,0x0884,0x0884,0x0884,0x0884,0x0884,0x0884,0x0884,0x0884,0x0884,0x0884,0x0884,
  0x0884,0x0884,0x0884,0x0884,0x0884,0x0884,0x0884,0x0884,0x0884,0x0884,0x0884,0x0884,
  0x0884,0x0884,0x0884,0x0884,0x0884,0x0884,0x0884,0x0884,0x0884,0x0884,0x0884,0x0884,
  0x0884,0x0884,0x0884,0x0884,0x0884,0x0884,0x0884,0x0884,0x0884,0x0884,0x0884,0x0884,
  0x0884,0x0884,0x0884,0x0884,0x0884,0x0884,0x0884,0x0884,0x0884,0x0884,0x0884,0x0884,
  0x0884,0x0884,0x0884,0x0884,0x0884,0x0884,0x0884,0x0884,0x0884,0x0884,0x0884,0x0884,
  0x0884,0x0884,0x0884,0x0884,0x0884,0x0884,0x0884,0x0884,0x0884,0x0884,0x0884,0x0884,
  0x0884,0x0884,0x0884,0x065F,0x065F,0x0884,0x0884,0x0884,0x0884,0x0AAE,0x065F,0x057C,
  0x08C6,0x0884,0x0A0B,0x0A4D,0x0884,0x065F,0x065F,0x0884,0x08C6,0x0477,0x065F,0x0415,
  0x0884,0x0884,0x0884,0x08C6,0x057C,0x065F,0x09AA,0x0884,0x03B3,0x0927,0x0884,0x0415,
  0x065F,0x0AF0,0x0884,0x0884,0x0884,0x0884,0x0884,0x0884,0x0884,0x0884,0x0884,0x0884,
  0x0884,0x0884,0x0884,0x0884,0x0884,0x0884,0x0884,0x0884,0x0884,0x0884,0x0884,0x0884,
  0x0884,0x0884,0x0884,0x0884,0x0884,0x0884,0x0884,0x0884,0x0884,0x0884,0x0884,0x0884,
  0x0884,0x0884,0x0884,0x0884,0x0884,0x0884,0x0884,0x0884,0x0884,0x0884,0x0884,0x0884,
  0x0884,0x0884,0x0884,0x0884,0x0884,0x0884,0x0884,0x0884,0x0884,0x0884,0x0884,0x0884,
  0x0884,0x0884,0x0884,0x0884,0x0884,0x0884,0x0884,0x0884,0x0884,0x0884,0x0884,0x0884,
  0x0884,0x0884,0x0884,0x0884,0x0884,0x0884,0x0884,0x0884,0x0884,0x0884,0x0884,0x0884,
  0x0884,0x0884,0x0884,0x0884,0x0884,0x0884,0x0884,0x0884,0x0884,0x0884,0x0884,0x0884,
  0x0884,0x0884,0x0884,0x0884,0x0884,0x0884,0x0884,0x0884,0x0884,0x0884,0x0884,0x0884,
  0x0884,0x0884,0x0884,0x0884,0x0884,0x0884,0x0884,0x0884,0x0884,0x0884,0x0884,0x0884,
  0x0884,0x0884,0x0884,0x0884,0x0884,0x0884,0x0884,0x065F,0x065F,0x0884,0x0884,0x0884,
  0x0884,0x0A4D,0x065F,0x065F,0x0A0B,0x0884,0x0884,0x0884,0x0884,0x065F,0x065F,0x0884,
  0x0884,0x0AF0,0x065F,0x0477,0x0884,0x0884,0x0884,0x0927,0x057C,0x065F,0x08C6,0x0884,
  0x0884,0x0884,0x0884,0x0351,0x065F,0x0AF0,0x0884,0x0884,0x0884,0x0884,0x0884,0x0884,
  0x0884,0x0884,0x0884,0x0884,0x0884,0x0884,0x0884,0x0884,0x0884,0x0884,0x0884,0x0884,
  0x0884,0x0884,0x0884,0x0884,0x0884,0x0884,0x0884,0x0884,0x0884,0x0884,0x0884,0x0884,
  0x0884,0x0884,0x0884,0x0884,0x0884,0x0884,0x0884,0x0884,0x0884,0x0884,0x0884,0x0884,
  0x0884,0x0884,0x0884,0x0884,0x0884,0x0884,0x0884,0x0884,0x0884,0x0884,0x0884,0x0884,
  0x0884,0x0884,0x0884,0x0884,0x0884,0x0884,0x0884,0x0884,0x0884,0x0884,0x0884,0x0884,
  0x0884,0x0884,0x0884,0x0884,0x0884,0x0884,0x0884,0x0884,0x0884,0x0884,0x0884,0x0884,
  0x0884,0x0884,0x0884,0x0884,0x0884,0x0884,0x0884,0x0884,0x0884,0x0884,0x0884,0x0884,
  0x0884,0x0884,0x0884,0x0884,0x0884,0x0884,0x0884,0x0884,0x0884,0x0884,0x0884,0x0884,
  0x0884,0x0884,0x0884,0x0884,0x0884,0x0884,0x0884,0x0884,0x0884,0x0884,0x0884,0x0884,
  0x0884,0x0884,0x0884,0x0884,0x0884,0x0884,0x0884,0x0884,0x0884,0x0884,0x0884,0x065F,
  0x065F,0x065F,0x065F,0x065F,0x0884,0x08C6,0x04F9,0x065F,0x065F,0x057C,0x0A0B,0x0884,
  0x0884,0x065F,0x065F,0x0884,0x08C6,0x0477,0x065F,0x03B3,0x0884,0x0AF0,0x065F,0x065F,
  0x057C,0x0A0B,0x0884,0x0884,0x0884,0x0884,0x0968,0x065F,0x065F,0x0927,0x0884,0x0884,
  0x0884,0x0884,0x0884,0x0884,0x0884,0x0884,0x0884,0x0884,0x0884,0x0884,0x0884,0x0884,
  0x0884,0x0884,0x0884,0x0884,0x0884,0x0884,0x0884,0x0884,0x0884,0x0884,0x0884,0x0884,
  0x0884,0x0884,0x0884,0x0884,0x0884,0x0884,0x0884,0x0884,0x0884,0x0884,0x0884,0x0884,
  0x0884,0x0884,0x0884,0x0884,0x0884,0x0884,0x0884,0x0884,0x0884,0x0884,0x0884,0x0884,
  0x0884,0x0884,0x0884,0x0884,0x0884,0x0884,0x0884,0x0884,0x0884,0x0884,0x0884,0x0884,
  0x0884,0x0884,0x0884,0x0884,0x0884,0x0884,0x0884,0x0884,0x0884,0x0884,0x0884,0x0884,
  0x0884,0x0884,0x0884,0x0884,0x0884,0x0884,0x0884,0x0884,0x0884,0x0884,0x0884,0x0884,
  0x0884,0x0884,0x0884,0x0884,0x0884,0x0884,0x0884,0x0884,0x0884,0x0884,0x0884,0x0884,
  0x0884,0x0884,0x0884,0x0884,0x0884,0x0884,0x0884,0x0884,0x0884,0x0884,0x0884,0x0884,
  0x0884,0x0884,0x0884,0x0884,0x0884,0x0884,0x0884,0x0884,0x0884,0x0884,0x0884,0x0884,
  0x0884,0x0884,0x0884,0x065F,0x065F,0x065F,0x065F,0x065F,0x0884,0x0884,0x08C6,0x03B3,
  0x065F,0x065F,0x065F,0x0A0B,0x0884,0x065F,0x065F,0x065F,0x065F,0x065F,0x065F,0x0968,
  0x0884,0x0AF0,0x065F,0x065F,0x065F,0x0477,0x08C6,0x0884,0x0884,0x0A0B,0x065F,0x065F,
  0x0A4D,0x0884,0x0884,0x0884,0x0884,0x0884,0x0884,0x0884,0x0884,0x0884,0x0884,0x0884,
  0x0884,0x0884,0x0884,0x0884,0x0884,0x0884,0x0884,0x0884,0x0884,0x0884,0x0884,0x0884,
  0x0884,0x0884,0x0884,0x0884,0x0884,0x0884,0x0884,0x0884,0x0884,0x0884,0x0884,0x0884,
  0x0884,0x0884,0x0884,0x0884,0x0884,0x0884,0x0884,0x0884,0x0884,0x0884,0x0884,0x0884,
  0x0884,0x0884,0x0884,0x0884,0x0884,0x0884,0x0884,0x0884,0x0884,0x0884,0x0884,0x0884,
  0x0884,0x0884,0x0884,0x0884,0x08A4,0x08A4,0x08A4,0x08A4,0x08A4,0x08A4,0x08A4,0x08A4,
  0x08A4,0x08A4,0x08A4,0x08A4,0x08A4,0x08A4,0x08A4,0x08A4,0x08A4,0x08A4,0x08A4,0x08A4,
  0x08A4,0x08A4,0x08A4,0x08A4,0x08A4,0x08A4,0x08A4,0x08A4,0x08A4,0x08A4,0x08A4,0x08A4,
  0x08A4,0x08A4,0x08A4,0x08A4,0x08A4,0x08A4,0x08A4,0x08A4,0x08A4,0x08A4,0x08A4,0x08A4,
  0x08A4,0x08A4,0x08A4,0x08A4,0x08A4,0x08A4,0x08A4,0x08A4,0x08A4,0x08A4,0x08A4,0x08A4,
  0x08A4,0x08A4,0x08A4,0x08A4,0x08A4,0x08A4,0x08A4,0x065F,0x065F,0x08A4,0x08A4,0x08A4,
  0x08A4,0x08A4,0x08A4,0x08A4,0x08E6,0x0477,0x065F,0x0477,0x08A4,0x065F,0x065F,0x065F,
  0x065F,0x0477,0x0968,0x08A4,0x08A4,0x08A4,0x08A4,0x0927,0x0415,0x065F,0x0AAE,0x08A4,
  0x0A4D,0x065F,0x057C,0x0968,0x08A4,0x08A4,0x08A4,0x08A4,0x08A4,0x08A4,0x08A4,0x08A4,
  0x08A4,0x08A4,0x08A4,0x08A4,0x08A4,0x08A4,0x08A4,0x08A4,0x08A4,0x08A4,0x08A4,0x08A4,
  0x08A4,0x08A4,0x08A4,0x08A4,0x08A4,0x08A4,0x08A4,0x08A4,0x08A4,0x08A4,0x08A4,0x08A4,
  0x08A4,0x08A4,0x08A4,0x08A4,0x08A4,0x08A4,0x08A4,0x08A4,0x08A4,0x08A4,0x08A4,0x08A4,
  0x08A4,0x08A4,0x08A4,0x08A4,0x08A4,0x08A4,0x08A4,0x08A4,0x08A4,0x08A4,0x08A4,0x08A4,
  0x08A4,0x08A4,0x08A4,0x08A4,0x08A4,0x08A4,0x08A4,0x08A4,0x08A4,0x08A4,0x08A4,0x08A4,
  0x08A4,0x08A4,0x08A4,0x08A4,0x08A4,0x08A4,0x08A4,0x08A4,0x08A4,0x08A4,0x08A4,0x08A4,
  0x08A4,0x08A4,0x08A4,0x08A4,0x08A4,0x08A4,0x08A4,0x08A4,0x08A4,0x08A4,0x08A4,0x08A4,
  0x08A4,0x08A4,0x08A4,0x08A4,0x08A4,0x08A4,0x08A4,0x08A4,0x08A4,0x08A4,0x08A4,0x08A4,
  0x08A4,0x08A4,0x08A4,0x08A4,0x08A4,0x08A4,0x08A4,0x08A4,0x08A4,0x08A4,0x08A4,0x08A4,
  0x08A4,0x08A4,0x08A4,0x08A4,0x08A4,0x08A4,0x08A4,0x08A4,0x08A4,0x08A4,0x08A4,0x065F,
  0x065F,0x08A4,0x08A4,0x08A4,0x08A4,0x0AAE,0x0A4D,0x08E6,0x08A4,0x0B10,0x065F,0x0477,
  0x08A4,0x065F,0x065F,0x08A4,0x08A4,0x08A4,0x08A4,0x08A4,0x08A4,0x08A4,0x08A4,0x08E6,
  0x0415,0x065F,0x0B10,0x0927,0x065F,0x065F,0x08E6,0x08A4,0x08A4,0x08A4,0x08A4,0x08A4,
  0x08A4,0x08A4,0x08A4,0x08A4,0x08A4,0x08A4,0x08A4,0x08A4,0x08A4,0x08A4,0x08A4,0x08A4,
  0x08A4,0x08A4,0x08A4,0x08A4,0x08A4,0x08A4,0x08A4,0x08A4,0x08A4,0x08A4,0x08A4,0x08A4,
  0x08A4,0x08A4,0x08A4,0x08A4,0x08A4,0x08A4,0x08A4,0x08A4,0x08A4,0x08A4,0x08A4,0x08A4,
  0x08A4,0x08A4,0x08A4,0x08A4,0x08A4,0x08A4,0x08A4,0x08A4,0x08A4,0x08A4,0x08A4,0x08A4,
  0x08A4,0x08A4,0x08A4,0x08A4,0x08A4,0x08A4,0x08A4,0x08A4,0x08A4,0x08A4,0x08A4,0x08A4,
  0x08A5,0x08A5,0x08A5,0x08A5,0x08A5,0x08A5,0x08A5,0x08A5,0x08A5,0x08A5,0x08A5,0x08A5,
  0x08A5,0x08A5,0x08A5,0x08A5,0x08A5,0x08A5,0x08A5,0x08A5,0x08A5,0x08A5,0x08A5,0x08A5,
  0x08A5,0x08A5,0x08A5,0x08A5,0x08A5,0x08A5,0x08A5,0x08A5,0x08A5,0x08A5,0x08A5,0x08A5,
  0x08A5,0x08A5,0x08A5,0x08A5,0x08A5,0x08A5,0x08A5,0x08A5,0x08A5,0x08A5,0x08A5,0x08A5,
  0x08A5,0x08A5,0x08A5,0x08A5,0x08A5,0x08A5,0x08A5,0x08A5,0x08A5,0x08A5,0x08A5,0x08A5,
  0x08A5,0x08A5,0x08A5,0x065F,0x065F,0x065F,0x065F,0x065F,0x0B10,0x0B10,0x065F,0x065F,
  0x065F,0x065F,0x065F,0x0B51,0x08A5,0x065F,0x065F,0x08A5,0x08A5,0x08A5,0x08A5,0x08A5,
  0x09CA,0x065F,0x065F,0x065F,0x065F,0x065F,0x0927,0x0AAE,0x065F,0x065F,0x065F,0x065F,
  0x065F,0x0B10,0x08A5,0x08A5,0x08A5,0x08A5,0x08A5,0x08A5,0x08A5,0x08A5,0x08A5,0x08A5,
  0x08A5,0x08A5,0x08A5,0x08A5,0x08A5,0x08A5,0x08A5,0x08A5,0x08A5,0x08A5,0x08A5,0x08A5,
  0x08A5,0x08A5,0x08A5,0x08A5,0x08A5,0x08A5,0x08A5,0x08A5,0x08A5,0x08A5,0x08A5,0x08A5,
  0x08A5,0x08A5,0x08A5,0x08A5,0x08A5,0x08A5,0x08A5,0x08A5,0x08A5,0x08A5,0x08A5,0x08A5,
  0x08A5,0x08A5,0x08A5,0x08A5,0x08A5,0x08A5,0x08A5,0x08A5,0x08A5,0x08A5,0x08A5,0x08A5,
  0x08A5,0x08A5,0x08A5,0x08A5,0x08A5,0x08A5,0x08A5,0x08A5,0x08A5,0x08A5,0x08A5,0x08A5,
  0x08A5,0x08A5,0x08A5,0x08A5,0x08A5,0x08A5,0x08A5,0x08A5,0x08A5,0x08A5,0x08A5,0x08A5,
  0x08A5,0x08A5,0x08A5,0x08A5,0x08A5,0x08A5,0x08A5,0x08A5,0x08A5,0x08A5,0x08A5,0x08A5,
  0x08A5,0x08A5,0x08A5,0x08A5,0x08A5,0x08A5,0x08A5,0x08A5,0x08A5,0x08A5,0x08A5,0x08A5,
  0x08A5,0x08A5,0x08A5,0x08A5,0x08A5,0x08A5,0x08A5,0x08A5,0x08A5,0x08A5,0x08A5,0x08A5,
  0x08A5,0x08A5,0x08A5,0x08A5,0x08A5,0x08A5,0x08A5,0x065F,0x065F,0x065F,0x065F,0x065F,
  0x0B10,0x09CA,0x0477,0x065F,0x065F,0x057C,0x0B10,0x08A5,0x08A5,0x065F,0x065F,0x08A5,
  0x08A5,0x08A5,0x08A5,0x08A5,0x0969,0x04F9,0x065F,0x065F,0x04F9,0x0A0B,0x08A5,0x0B10,
  0x065F,0x065F,0x065F,0x065F,0x065F,0x0B10,0x08A5,0x08A5,0x08A5,0x08A5,0x08A5,0x08A5,
  0x08A5,0x08A5,0x08A5,0x08A5,0x08A5,0x08A5,0x08A5,0x08A5,0x08A5,0x08A5,0x08A5,0x08A5,
  0x08A5,0x08A5,0x08A5,0x08A5,0x08A5,0x08A5,0x08A5,0x08A5,0x08A5,0x08A5,0x08A5,0x08A5,
  0x08A5,0x08A5,0x08A5,0x08A5,0x08A5,0x08A5,0x08A5,0x08A5,0x08A5,0x08A5,0x08A5,0x08A5,
  0x08A5,0x08A5,0x08A5,0x08A5,0x08A5,0x08A5,0x08A5,0x08A5,0x08A5,0x08A5,0x08A5,0x08A5,
  0x08A5,0x08A5,0x08A5,0x08A5,0x08A5,0x08A5,0x08A5,0x08A5,0x08A5,0x08A5,0x08A5,0x08A5,
  0x08A5,0x08A5,0x08A5,0x08A5,0x08A5,0x08A5,0x08A5,0x08A5,0x08A5,0x08A5,0x08A5,0x08A5,
  0x08A5,0x08A5,0x08A5,0x08A5,0x08A5,0x08A5,0x08A5,0x08A5,0x08A5,0x08A5,0x08A5,0x08A5,
  0x08A5,0x08A5,0x08A5,0x08A5,0x08A5,0x08A5,0x08A5,0x08A5,0x08A5,0x08A5,0x08A5,0x08A5,
  0x08A5,0x08A5,0x08A5,0x08A5,0x08A5,0x08A5,0x08A5,0x08A5,0x08A5,0x08A5,0x08A5,0x08A5,
  0x08A5,0x08A5,0x08A5,0x08A5,0x08A5,0x08A5,0x08A5,0x08A5,0x08A5,0x08A5,0x08A5,0x08A5,
  0x08A5,0x08A5,0x08A5,0x08A5,0x08A5,0x08A5,0x08A5,0x08A5,0x08A5,0x08A5,0x08A5,0x08A5,
  0x08A5,0x08A5,0x08A5,0x08A5,0x08A5,0x08A5,0x08A5,0x08A5,0x08A5,0x08A5,0x08A5,0x08A5,
  0x08A5,0x08A5,0x08A5,0x08A5,0x08A5,0x08A5,0x08A5,0x08A5,0x08A5,0x08A5,0x08A5,0x08A5,
  0x08A5,0x08A5,0x08A5,0x08A5,0x08A5,0x08A5,0x08A5,0x08A5,0x08A5,0x08A5,0x08A5,0x08A5,
  0x08A5,0x08A5,0x08A5,0x08A5,0x08A5,0x08A5,0x08A5,0x08A5,0x08A5,0x08A5,0x08A5,0x08A5,
  0x08A5,0x08A5,0x08A5,0x08A5,0x08A5,0x08A5,0x08A5,0x08A5,0x08A5,0x08A5,0x08A5,0x08A5,
  0x08A5,0x08A5,0x08A5,0x08A5,0x08A5,0x08A5,0x08A5,0x08A5,0x08A5,0x08A5,0x08A5,0x08A5,
  0x08A5,0x08A5,0x08A5,0x08A5,0x08A5,0x08A5,0x08A5,0x08A5,0x08A5,0x08A5,0x08A5,0x08A5,
  0x08A5,0x08A5,0x08A5,0x08A5,0x08A5,0x08A5,0x08A5,0x08A5,0x08A5,0x08A5,0x08A5,0x08A5,
  0x08A5,0x08A5,0x08A5,0x08A5,0x08A5,0x08A5,0x08A5,0x08A5,0x08A5,0x08A5,0x08A5,0x08A5,
  0x08A5,0x08A5,0x08A5,0x08A5,0x08A5,0x08A5,0x08A5,0x08A5,0x08A5,0x08A5,0x08A5,0x08A5,
  0x08A5,0x08A5,0x08A5,0x08A5,0x08A5,0x08A5,0x08A5,0x08A5,0x08A5,0x08A5,0x08A5,0x08A5,
  0x08A5,0x08A5,0x08A5,0x08A5,0x08A5,0x08A5,0x08A5,0x08A5,0x08A5,0x08A5,0x08A5,0x08A5,
  0x08A5,0x08A5,0x08A5,0x08A5,0x08A5,0x08A5,0x08A5,0x08A5,0x08A5,0x08A5,0x08A5,0x08A5,
  0x08A5,0x08A5,0x08A5,0x08A5,0x08A5,0x08A5,0x08A5,0x08A5,0x08A5,0x08A5,0x08A5,0x08A5,
  0x08A5,0x08A5,0x08A5,0x08A5,0x08A5,0x08A5,0x08A5,0x08A5,0x08A5,0x08A5,0x08A5,0x08A5,
  0x08A5,0x08A5,0x08A5,0x08A5,0x08A5,0x08A5,0x08A5,0x08A5,0x08A5,0x08A5,0x08A5,0x08A5,
  0x08A5,0x08A5,0x08A5,0x08A5,0x08A5,0x08A5,0x08A5,0x08A5,0x08A5,0x08A5,0x08A5,0x08A5,
  0x08A5,0x08A5,0x08A5,0x08A5,0x08A5,0x08A5,0x08A5,0x08A5,0x08A5,0x08A5,0x08A5,0x08A5,
  0x08A5,0x08A5,0x08A5,0x08A5,0x08A5,0x08A5,0x08A5,0x08A5,0x08A5,0x08A5,0x08A5,0x08A5,
  0x08A5,0x08A5,0x08A5,0x08A5,0x08A5,0x08A5,0x08A5,0x08A5,0x08A5,0x08A5,0x08A5,0x08A5,
  0x08A5,0x08A5,0x08A5,0x08A5,0x08A5,0x08A5,0x08A5,0x08A5,0x08A5,0x08A5,0x08A5,0x08A5,
  0x08A5,0x08A5,0x08A5,0x08A5,0x08A5,0x08A5,0x08A5,0x08A5,0x08A5,0x08A5,0x08A5,0x08A5,
  0x08A5,0x08A5,0x08A5,0x08A5,0x08A5,0x08A5,0x08A5,0x08A5,0x08A5,0x08A5,0x08A5,0x08A5,
  0x08A5,0x08A5,0x08A5,0x08A5,0x08A5,0x08A5,0x08A5,0x08A5,0x08A5,0x08A5,0x08A5,0x08A5,
  0x08A5,0x08A5,0x08A5,0x08A5,0x08A5,0x08A5,0x08A5,0x08A5,0x08A5,0x08A5,0x08A5,0x08A5,
  0x08A5,0x08A5,0x08A5,0x08A5,0x08A5,0x08A5,0x08A5,0x08A5,0x08A5,0x08A5,0x08A5,0x08A5,
  0x08A5,0x08A5,0x08A5,0x08A5,0x08A5,0x08A5,0x08A5,0x08A5,0x08A5,0x08A5,0x08A5,0x08A5,
  0x08A5,0x08A5,0x08A5,0x08A5,0x08A5,0x08A5,0x08A5,0x08A5,0x08A5,0x08A5,0x08A5,0x08A5,
  0x08A5,0x08A5,0x08A5,0x08A5,0x08A5,0x08A5,0x08A5,0x08A5,0x08A5,0x08A5,0x08A5,0x08A5,
  0x08A5,0x08A5,0x08A5,0x08A5,0x08A5,0x08A5,0x08A5,0x08A5,0x08A5,0x08A5,0x08A5,0x08A5,
  0x08A5,0x08A5,0x08A5,0x08A5,0x08A5,0x08A5,0x08A5,0x08A5,0x08A5,0x08A5,0x08A5,0x08A5,
  0x08A5,0x08A5,0x08A5,0x08A5,0x08A5,0x08A5,0x08A5,0x08A5,0x08A5,0x08A5,0x08A5,0x08A5,
  0x08A5,0x08A5,0x08A5,0x08A5,0x08A5,0x08A5,0x08A5,0x08A5,0x08A5,0x08A5,0x08A5,0x08A5,
  0x08A5,0x08A5,0x08A5,0x08A5,0x08A5,0x08A5,0x08A5,0x08A5,0x08A5,0x08A5,0x08A5,0x08A5,
  0x08A5,0x08A5,0x08A5,0x08A5,0x08A5,0x08A5,0x08A5,0x08A5,0x08A5,0x08A5,0x08A5,0x08A5,
  0x08A5,0x08A5,0x08A5,0x08A5,0x08A5,0x08A5,0x08A5,0x08A5,0x08A5,0x08A5,0x08A5,0x08A5,
  0x08A5,0x08A5,0x08A5,0x08A5,0x08A5,0x08A5,0x08A5,0x08A5,0x08A5,0x08A5,0x08A5,0x08A5,
  0x08A5,0x08A5,0x08A5,0x08A5,0x08A5,0x08A5,0x08A5,0x08A5,0x08A5,0x08A5,0x08A5,0x08A5,
  0x08A5,0x08A5,0x08A5,0x08A5,0x08A5,0x08A5,0x08A5,0x08A5,0x08A5,0x08A5,0x08A5,0x08A5,
  0x08A5,0x08A5,0x08A5,0x08A5,0x08A5,0x08A5,0x08A5,0x08A5,0x08A5,0x08A5,0x08A5,0x08A5,
  0x08A5,0x08A5,0x08A5,0x08A5,0x08A5,0x08A5,0x08A5,0x08A5,0x08A5,0x08A5,0x08A5,0x08A5,
  0x08A5,0x08A5,0x08A5,0x08A5,0x08A5,0x08A5,0x08A5,0x08A5,0x08A5,0x08A5,0x08A5,0x08A5,
  0x08A5,0x08A5,0x08A5,0x08A5,0x08A5,0x08A5,0x08A5,0x08A5,0x08A5,0x08A5,0x08A5,0x08A5,
  0x08A5,0x08A5,0x08A5,0x08A5,0x08A5,0x08A5,0x08A5,0x08A5,0x08A5,0x08A5,0x08A5,0x08A5,
  0x08A5,0x08A5,0x08A5,0x08A5,0x08A5,0x08A5,0x08A5,0x08A5,0x08A5,0x08A5,0x08A5,0x08A5,
  0x08A5,0x08A5,0x08A5,0x08A5,0x08A5,0x08A5,0x08A5,0x08A5,0x08A5,0x08A5,0x08A5,0x08A5,
  0x08A5,0x08A5,0x08A5,0x08A5,0x08A5,0x08A5,0x08A5,0x08A5,0x08A5,0x08A5,0x08A5,0x08A5,
  0x08A5,0x08A5,0x08A5,0x08A5,0x08A5,0x08A5,0x08A5,0x08A5,0x08A5,0x08A5,0x08A5,0x08A5,
  0x08A5,0x08A5,0x08A5,0x08A5,0x08A5,0x08A5,0x08A5,0x08A5,0x08A5,0x08A5,0x08A5,0x08A5,
  0x08A5,0x08A5,0x08A5,0x08A5,0x08A5,0x08A5,0x08A5,0x08A5,0x08A5,0x08A5,0x08A5,0x08A5,
  0x08A5,0x08A5,0x08A5,0x08A5,0x08A5,0x08A5,0x08A5,0x08A5,0x08A5,0x08A5,0x08A5,0x08A5,
  0x08A5,0x08A5,0x08A5,0x08A5,0x08A5,0x08A5,0x08A5,0x08A5,0x08A5,0x08A5,0x08A5,0x08A5,
  0x08A5,0x08A5,0x08A5,0x08A5,0x08A5,0x08A5,0x08A5,0x08A5,0x08A5,0x08A5,0x08A5,0x08A5,
  0x08A5,0x08A5,0x08A5,0x08A5,0x08A5,0x08A5,0x08A5,0x08A5,0x08A5,0x08A5,0x08A5,0x08A5,
  0x08A5,0x08A5,0x08A5,0x08A5,0x08A5,0x08A5,0x08A5,0x08A5,0x08A5,0x08A5,0x08A5,0x08A5,
  0x08A5,0x08A5,0x08A5,0x08A5,0x08A5,0x08A5,0x08A5,0x08A5,0x08A5,0x08A5,0x08A5,0x08A5,
  0x08A5,0x08A5,0x08A5,0x08A5,0x08A5,0x08A5,0x08A5,0x08A5,0x08A5,0x08A5,0x08A5,0x08A5,
  0x08A5,0x08A5,0x08A5,0x08A5,0x08A5,0x08A5,0x08A5,0x08A5,0x08A5,0x08A5,0x08A5,0x08A5,
  0x08A5,0x08A5,0x08A5,0x08A5,0x08A5,0x08A5,0x08A5,0x08A5,0x08A5,0x08A5,0x08A5,0x08A5,
  0x08A5,0x08A5,0x08A5,0x08A5,0x08A5,0x08A5,0x08A5,0x08A5,0x08A5,0x08A5,0x08A5,0x08A5,
  0x08A5,0x08A5,0x08A5,0x08A5,0x08A5,0x08A5,0x08A5,0x08A5,0x08A5,0x08A5,0x08A5,0x08A5,
  0x08A5,0x08A5,0x08A5,0x08A5,0x08A5,0x08A5,0x08A5,0x08A5,0x08A5,0x08A5,0x08A5,0x08A5,
  0x08A5,0x08A5,0x08A5,0x08A5,0x08A5,0x08A5,0x08A5,0x08A5,0x08A5,0x08A5,0x08A5,0x08A5,
  0x08A5,0x08A5,0x08A5,0x08A5,0x08A5,0x08A5,0x08A5,0x08A5,0x08A5,0x08A5,0x08A5,0x08A5,
  0x08A5,0x08A5,0x08A5,0x08A5,0x08A5,0x08A5,0x08A5,0x08A5,0x08A5,0x08A5,0x08A5,0x08A5,
  0x08A5,0x08A5,0x08A5,0x08A5,0x08A5,0x08A5,0x08A5,0x08A5,0x08A5,0x08A5,0x08A5,0x08A5,
  0x08A5,0x08A5,0x08A5,0x08A5,0x08A5,0x08A5,0x08A5,0x08A5,0x08A5,0x08A5,0x08A5,0x08A5,
  0x08A5,0x08A5,0x08A5,0x08A5,0x08A5,0x08A5,0x08A5,0x08A5,0x08A5,0x08A5,0x08A5,0x08A5,
  0x08A5,0x08A5,0x08A5,0x08A5,0x08A5,0x08A5,0x08A5,0x08A5,0x08A5,0x08A5,0x08A5,0x08A5,
  0x08A5,0x08A5,0x08A5,0x08A5,0x08A5,0x08A5,0x08A5,0x08A5,0x08A5,0x08A5,0x08A5,0x08A5,
  0x08A5,0x08A5,0x08A5,0x08A5,0x08A5,0x08A5,0x08A5,0x08A5,0x08A5,0x08A5,0x08A5,0x08A5,
  0x08A5,0x08A5,0x08A5,0x08A5,0x08A5,0x08A5,0x08A5,0x08A5,0x08A5,0x08A5,0x08A5,0x08A5,
  0x08A5,0x08A5,0x08A5,0x08A5,0x08A5,0x08A5,0x08A5,0x08A5,0x08A5,0x08A5,0x08A5,0x08A5,
  0x08A5,0x08A5,0x08A5,0x08A5,0x08A5,0x08A5,0x08A5,0x08A5,0x08A5,0x08A5,0x08A5,0x08A5,
  0x08A5,0x08A5,0x08A5,0x08A5,0x08A5,0x08A5,0x08A5,0x08A5,0x08A5,0x08A5,0x08A5,0x08A5,
  0x08A5,0x08A5,0x08A5,0x08A5,0x08A5,0x08A5,0x08A5,0x08A5,0x08A5,0x08A5,0x08A5,0x08A5,
  0x08A5,0x08A5,0x08A5,0x08A5,0x08A5,0x08A5,0x08A5,0x08A5,0x08A5,0x08A5,0x08A5,0x08A5,
  0x08A5,0x08A5,0x08A5,0x08A5,0x08A5,0x08A5,0x08A5,0x08A5,0x08A5,0x08A5,0x08A5,0x08A5,
  0x08A5,0x08A5,0x08A5,0x634F,0xD71E,0xD71E,0x6BB1,0x08A5,0x08A5,0x634F,0x9516,0x08A5,
  0x08A5,0x7C33,0x8C94,0x08A5,0xBE1B,0x31EA,0x08A5,0x08A5,0x634F,0xD71E,0xD71E,0x634F,
  0x08A5,0x08A5,0x634F,0x9516,0x08A5,0x08A5,0x08A5,0x08A5,0x08A5,0x08A5,0x08A5,0x08A5,
  0x634F,0xD71E,0xD71E,0x6BB1,0x08A5,0x08A5,0x634F,0xD71E,0xD71E,0x634F,0x08A5,0x08A5,
  0xD71E,0xD71E,0xD71E,0xD71E,0x08A5,0x08A5,0x08A5,0x08A5,0x08A5,0x08A5,0x08A5,0x08A5,
  0x08A5,0x08A5,0x08A5,0x08A5,0x08A5,0x08A5,0x08A5,0x08A5,0x08A5,0x08A5,0x08A5,0x08A5,
  0x08A5,0x08A5,0x08A5,0x08A5,0x08A5,0x08A5,0x08A5,0x08A5,0x08A5,0x08A5,0x08A5,0x08A5,
  0x08A5,0x08A5,0x08A5,0x08A5,0x08A5,0x08A5,0x08A5,0x08A5,0x08A5,0x08A5,0x08A5,0x08A5,
  0x08A5,0x08A5,0x08A5,0x08A5,0x08A5,0x08A5,0x08A5,0x08A5,0x08A5,0x08A5,0x08A5,0x08A5,
  0x08A5,0x08A5,0x08A5,0x08A5,0x08A5,0x08A5,0x08A5,0x08A5,0x08A5,0x08A5,0x08A5,0x08A5,
  0x08A5,0x08A5,0x08A5,0x08A5,0x08A5,0x08A5,0x08A5,0x08A5,0x08A5,0x08A5,0x08A5,0x08A5,
  0x08A5,0x08A5,0x08A5,0x08A5,0x08A5,0x08A5,0x08A5,0x08A5,0x08A5,0x08A5,0x08A5,0x08A5,
  0x08A5,0x08A5,0x08A5,0x08A5,0x08A5,0x08A5,0x08A5,0x08A5,0x08A5,0x08A5,0x08A5,0x08A5,
  0x08A5,0x08A5,0x08A5,0x08A5,0x08A5,0x08A5,0x08A5,0x634F,0x9516,0x18E6,0xD71E,0x2147,
  0x08A5,0x634F,0x9516,0x08A5,0x08A5,0x18E6,0xD71E,0x6BB1,0x8C94,0x08A5,0x08A5,0x08A5,
  0x634F,0x9516,0x08A5,0x08A5,0x08A5,0x08A5,0x634F,0x9516,0x08A5,0x08A5,0x08A5,0x08A5,
  0x08A5,0x08A5,0x08A5,0x08A5,0x634F,0x9516,0x18E6,0xD71E,0x2147,0x08A5,0x634F,0x9516,
  0x08A5,0x08A5,0x08A5,0x08A5,0x08A5,0x634F,0x634F,0x08A5,0x08A5,0x08A5,0x08A5,0x08A5,
  0x08A5,0x08A5,0x08A5,0x08A5,0x08A5,0x08A5,0x08A5,0x08A5,0x08A5,0x08A5,0x08A5,0x08A5,
  0x08A5,0x08A5,0x08A5,0x08A5,0x08A5,0x08A5,0x08A5,0x08A5,0x08A5,0x08A5,0x08A5,0x08A5,
  0x08A5,0x08A5,0x08A5,0x08A5,0x08A5,0x08A5,0x08A5,0x08A5,0x08A5,0x08A5,0x08A5,0x08A5,
  0x08A5,0x08A5,0x08A5,0x08A5,0x08A5,0x08A5,0x08A5,0x08A5,0x08A5,0x08A5,0x08A5,0x08A5,
  0x08A5,0x08A5,0x08A5,0x08A5,0x08A5,0x08A5,0x08A5,0x08A5,0x08A5,0x08A5,0x08A5,0x08A5,
  0x08A5,0x08A5,0x08A5,0x08A5,0x08A5,0x08A5,0x08A5,0x08A5,0x08A5,0x08A5,0x08A5,0x08A5,
  0x08A5,0x08A5,0x08A5,0x08A5,0x08A5,0x08A5,0x08A5,0x08A5,0x08A5,0x08A5,0x08A5,0x08A5,
  0x08A5,0x08A5,0x08A5,0x08A5,0x08A5,0x08A5,0x08A5,0x08A5,0x08A5,0x08A5,0x08A5,0x08A5,
  0x08A5,0x08A5,0x08A5,0x08A5,0x08A5,0x08A5,0x08A5,0x08A5,0x08A5,0x08A5,0x08A5,0x634F,
  0xBE1B,0x7C33,0xAD98,0x08A5,0x08A5,0x634F,0x9516,0x08A5,0x08A5,0x08A5,0x7C33,0xD71E,
  0x2989,0x08A5,0x08A5,0x08A5,0x634F,0xD71E,0xD71E,0x31EA,0x08A5,0x08A5,0x634F,0x9516,
  0x08A5,0x08A5,0x08A5,0x08A5,0x08A5,0x08A5,0x08A5,0x08A5,0x634F,0xBE1B,0x7C33,0xAD98,
  0x08A5,0x08A5,0x634F,0xD71E,0xD71E,0x31EA,0x08A5,0x08A5,0x08A5,0x634F,0x634F,0x08A5,
  0x08A5,0x08A5,0x08A5,0x08A5,0x08A5,0x08A5,0x08A5,0x08A5,0x08A5,0x08A5,0x08A5,0x08A5,
  0x08A5,0x08A5,0x08A5,0x08A5,0x08A5,0x08A5,0x08A5,0x08A5,0x08A5,0x08A5,0x08A5,0x08A5,
  0x08A5,0x08A5,0x08A5,0x08A5,0x08A5,0x08A5,0x08A5,0x08A5,0x08A5,0x08A5,0x08A5,0x08A5,
  0x08A5,0x08A5,0x08A5,0x08A5,0x08A5,0x08A5,0x08A5,0x08A5,0x08A5,0x08A5,0x08A5,0x08A5,
  0x08A5,0x08A5,0x08A5,0x08A5,0x08A5,0x08A5,0x08A5,0x08A5,0x08A5,0x08A5,0x08A5,0x08A5,
  0x08A5,0x08A5,0x08A5,0x08A5,0x08A5,0x08A5,0x08A5,0x08A5,0x08A5,0x08A5,0x08A5,0x08A5,
  0x08A5,0x08A5,0x08A5,0x08A5,0x08A5,0x08A5,0x08A5,0x08A5,0x08A5,0x08A5,0x08A5,0x08A5,
  0x08A5,0x08A5,0x08A5,0x08A5,0x08A5,0x08A5,0x08A5,0x08A5,0x08A5,0x08A5,0x08A5,0x08A5,
  0x08A5,0x08A5,0x08A5,0x08A5,0x08A5,0x08A5,0x08A5,0x08A5,0x08A5,0x08A5,0x08A5,0x08A5,
  0x08A5,0x08A5,0x08A5,0x634F,0xAD98,0x31EA,0x18E6,0x08A5,0x08A5,0x634F,0x9516,0x08A5,
  0x08A5,0x18E6,0xD71E,0x7C33,0x7C33,0x08A5,0x08A5,0x08A5,0x634F,0x9516,0x08A5,0x08A5,
  0x08A5,0x08A5,0x634F,0x9516,0x08A5,0x08A5,0x08A5,0x08A5,0x08A5,0x08A5,0x08A5,0x08A5,
  0x634F,0xAD98,0x31EA,0x18E6,0x08A5,0x08A5,0x634F,0x9516,0x08A5,0x08A5,0x08A5,0x08A5,
  0x08A5,0x634F,0x634F,0x08A5,0x08A5,0x08A5,0x08A5,0x08A5,0x08A5,0x08A5,0x08A5,0x08A5,
  0x08A5,0x08A5,0x08A5,0x08A5,0x08A5,0x08A5,0x08A5,0x08A5,0x08A5,0x08A5,0x08A5,0x08A5,
  0x08A5,0x08A5,0x08A5,0x08A5,0x08A5,0x08A5,0x08A5,0x08A5,0x08A5,0x08A5,0x08A5,0x08A5,
  0x08A5,0x08A5,0x08A5,0x08A5,0x08A5,0x08A5,0x08A5,0x08A5,0x08A5,0x08A5,0x08A5,0x08A5,
  0x08A5,0x08A5,0x08A5,0x08A5,0x08A5,0x08A5,0x08A5,0x08A5,0x08A5,0x08A5,0x08A5,0x08A5,
  0x08A5,0x08A5,0x08A5,0x08A5,0x08A5,0x08A5,0x08A5,0x08A5,0x08A5,0x08A5,0x08A5,0x08A5,
  0x08A5,0x08A5,0x08A5,0x08A5,0x08A5,0x08A5,0x08A5,0x08A5,0x08A5,0x08A5,0x08A5,0x08A5,
  0x08A5,0x08A5,0x08A5,0x08A5,0x08A5,0x08A5,0x08A5,0x08A5,0x08A5,0x08A5,0x08A5,0x08A5,
  0x08A5,0x08A5,0x08A5,0x08A5,0x08A5,0x08A5,0x08A5,0x08A5,0x08A5,0x08A5,0x08A5,0x08A5,
  0x08A5,0x08A5,0x08A5,0x08A5,0x08A5,0x08A5,0x08A5,0x634F,0x9516,0x08A5,0x08A5,0x08A5,
  0x08A5,0x634F,0x9516,0x08A5,0x08A5,0x8C94,0x7C33,0x18E6,0xD71E,0x31EA,0x08A5,0x08A5,
  0x634F,0xD71E,0xD71E,0x634F,0x08A5,0x08A5,0x634F,0xD71E,0xD71E,0x634F,0x08A5,0x08A5,
  0x08A5,0x08A5,0x08A5,0x08A5,0x634F,0x9516,0x08A5,0x08A5,0x08A5,0x08A5,0x634F,0xD71E,
  0xD71E,0x634F,0x08A5,0x08A5,0x08A5,0x634F,0x634F,0x08A5,0x08A5,0x08A5,0x08A5,0x08A5,
  0x08A5,0x08A5,0x08A5,0x08A5,0x08A5,0x08A5,0x08A5,0x08A5,0x08A5,0x08A5,0x08A5,0x08A5,
  0x08A5,0x08A5,0x08A5,0x08A5,0x08A5,0x08A5,0x08A5,0x08A5,0x08A5,0x08A5,0x08A5,0x08A5,
  0x08A5,0x08A5,0x08A5,0x08A5,0x08A5,0x08A5,0x08A5,0x08A5,0x08A5,0x08A5,0x08A5,0x08A5,
  0x08A5,0x08A5,0x08A5,0x08A5,0x08A5,0x08A5,0x08A5,0x08A5,0x08A5,0x08A5,0x08A5,0x08A5,
  0x08A5,0x08A5,0x08A5,0x08A5,0x08A5,0x08A5,0x08A5,0x08A5,0x08A5,0x08A5,0x08A5,0x08A5,
  0x08A5,0x08A5,0x08A5,0x08A5,0x08A5,0x08A5,0x08A5,0x08A5,0x08A5,0x08A5,0x08A5,0x08A5,
  0x08A5,0x08A5,0x08A5,0x08A5,0x08A5,0x08A5,0x08A5,0x08A5,0x08A5,0x08A5,0x08A5,0x08A5,
  0x08A5,0x08A5,0x08A5,0x08A5,0x08A5,0x08A5,0x08A5,0x08A5,0x08A5,0x08A5,0x08A5,0x08A5,
  0x08A5,0x08A5,0x08A5,0x08A5,0x08A5,0x08A5,0x08A5,0x08A5,0x08A5,0x08A5,0x08A5,0x08A5,
  0x08A5,0x08A5,0x08A5,0x08A5,0x08A5,0x08A5,0x08A5,0x08A5,0x08A5,0x08A5,0x08A5,0x08A5,
  0x08A5,0x08A5,0x08A5,0x08A5,0x08A5,0x08A5,0x08A5,0x08A5,0x08A5,0x08A5,0x08A5,0x08A5,
  0x08A5,0x08A5,0x08A5,0x08A5,0x08A5,0x08A5,0x08A5,0x08A5,0x08A5,0x08A5,0x08A5,0x08A5,
  0x08A5,0x08A5,0x08A5,0x08A5,0x08A5,0x08A5,0x08A5,0x08A5,0x08A5,0x08A5,0x08A5,0x08A5,
  0x08A5,0x08A5,0x08A5,0x08A5,0x08A5,0x08A5,0x08A5,0x08A5,0x08A5,0x08A5,0x08A5,0x08A5,
  0x08A5,0x08A5,0x08A5,0x08A5,0x08A5,0x08A5,0x08A5,0x08A5,0x08A5,0x08A5,0x08A5,0x08A5,
  0x08A5,0x08A5,0x08A5,0x08A5,0x08A5,0x08A5,0x08A5,0x08A5,0x08A5,0x08A5,0x08A5,0x08A5,
  0x08A5,0x08A5,0x08A5,0x08A5,0x08A5,0x08A5,0x08A5,0x08A5,0x08A5,0x08A5,0x08A5,0x08A5,
  0x08A5,0x08A5,0x08A5,0x08A5,0x08A5,0x08A5,0x08A5,0x08A5,0x10A5,0x10A5,0x10A5,0x10A5,
  0x10A5,0x10A5,0x10A5,0x10A5,0x10A5,0x10A5,0x10A5,0x10A5,0x10A5,0x10A5,0x10A5,0x10A5,
  0x10A5,0x10A5,0x10A5,0x10A5,0x10A5,0x10A5,0x10A5,0x10A5,0x10A5,0x10A5,0x10A5,0x10A5,
  0x10A5,0x10A5,0x10A5,0x10A5,0x10A5,0x10A5,0x10A5,0x10A5,0x10A5,0x10A5,0x10A5,0x10A5,
  0x10A5,0x10A5,0x10A5,0x10A5,0x10A5,0x10A5,0x10A5,0x10A5,0x10A5,0x10A5,0x10A5,0x10A5,
  0x10A5,0x10A5,0x10A5,0x10A5,0x10A5,0x10A5,0x10A5,0x10A5,0x10A5,0x10A5,0x10A5,0x10A5,
  0x10A5,0x10A5,0x10A5,0x10A5,0x10A5,0x10A5,0x10A5,0x10A5,0x10A5,0x10A5,0x10A5,0x10A5,
  0x10A5,0x10A5,0x10A5,0x10A5,0x10A5,0x10A5,0x10A5,0x10A5,0x10A5,0x10A5,0x10A5,0x10A5,
  0x10A5,0x10A5,0x10A5,0x10A5,0x10A5,0x10A5,0x10A5,0x10A5,0x10A5,0x10A5,0x10A5,0x10A5,
  0x10A5,0x10A5,0x10A5,0x10A5,0x10A5,0x10A5,0x10A5,0x10A5,0x10A5,0x10A5,0x10A5,0x10A5,
  0x10A5,0x10A5,0x10A5,0x10A5,0x10A5,0x10A5,0x10A5,0x10A5,0x10A5,0x10A5,0x10A5,0x10A5,
  0x10A5,0x10A5,0x10A5,0x10A5,0x10A5,0x10A5,0x10A5,0x10A5,0x10A5,0x10A5,0x10A5,0x10A5,
  0x10A5,0x10A5,0x10A5,0x10A5,0x10A5,0x10A5,0x10A5,0x10A5,0x10A5,0x10A5,0x10A5,0x10A5,
  0x10A5,0x10A5,0x10A5,0x10A5,0x10A5,0x10A5,0x10A5,0x10A5,0x10A5,0x10A5,0x10A5,0x10A5,
  0x10A5,0x10A5,0x10A5,0x10A5,0x10A5,0x10A5,0x10A5,0x10A5,0x10A5,0x10A5,0x10A5,0x10A5,
  0x10A5,0x10A5,0x10A5,0x10A5,0x10A5,0x10A5,0x10A5,0x10A5,0x10A5,0x10A5,0x10A5,0x10A5,
  0x10A5,0x10A5,0x10A5,0x10A5,0x10A5,0x10A5,0x10A5,0x10A5,0x10A5,0x10A5,0x10A5,0x10A5,
  0x10A5,0x10A5,0x10A5,0x10A5,0x10A5,0x10A5,0x10A5,0x10A5,0x10A5,0x10A5,0x10A5,0x10A5,
  0x10A5,0x10A5,0x10A5,0x10A5,0x10A5,0x10A5,0x10A5,0x10A5,0x10A5,0x10A5,0x10A5,0x10A5,
  0x10A5,0x10A5,0x10A5,0x10A5,0x10A5,0x10A5,0x10A5,0x10A5,0x10A5,0x10A5,0x10A5,0x10A5,
  0x10A5,0x10A5,0x10A5,0x10A5,0x10A5,0x10A5,0x10A5,0x10A5,0x10A5,0x10A5,0x10A5,0x10A5,
  0x10A5,0x10A5,0x10A5,0x10A5,0x10A5,0x10A5,0x10A5,0x10A5,0x10A5,0x10A5,0x10A5,0x10A5,
  0x10A5,0x10A5,0x10A5,0x10A5,0x10A5,0x10A5,0x10A5,0x10A5,0x10A5,0x10A5,0x10A5,0x10A5,
  0x10A5,0x10A5,0x10A5,0x10A5,0x10A5,0x10A5,0x10A5,0x10A5,0x10A5,0x10A5,0x10A5,0x10A5,
  0x10A5,0x10A5,0x10A5,0x10A5,0x10A5,0x10A5,0x10A5,0x10A5,0x10A5,0x10A5,0x10A5,0x10A5,
  0x10A5,0x10A5,0x10A5,0x10A5,0x10A5,0x10A5,0x10A5,0x10A5,0x10A5,0x10A5,0x10A5,0x10A5,
  0x10A5,0x10A5,0x10A5,0x10A5,0x10A5,0x10A5,0x10A5,0x10A5,0x10A5,0x10A5,0x10A5,0x10A5,
  0x10A5,0x10A5,0x10A5,0x10A5,0x10A5,0x10A5,0x10A5,0x10A5,0x10A5,0x10A5,0x10A5,0x10A5,
  0x10A5,0x10A5,0x10A5,0x10A5,0x10A5,0x10A5,0x10A5,0x10A5,0x10A5,0x10A5,0x10A5,0x10A5,
  0x10A5,0x10A5,0x10A5,0x10A5,0x10A5,0x10A5,0x10A5,0x10A5,0x10A5,0x10A5,0x10A5,0x10A5,
  0x10A5,0x10A5,0x10A5,0x10A5,0x10A5,0x10A5,0x10A5,0x10A5,0x10A5,0x10A5,0x10A5,0x10A5,
  0x10A5,0x10A5,0x10A5,0x10A5,0x10A5,0x10A5,0x10A5,0x10A5,0x10A5,0x10A5,0x10A5,0x10A5,
  0x10A5,0x10A5,0x10A5,0x10A5,0x10A5,0x10A5,0x10A5,0x10A5,0x10A5,0x10A5,0x10A5,0x10A5,
  0x10A5,0x10A5,0x10A5,0x10A5,0x10A5,0x10A5,0x10A5,0x10A5,0x10A5,0x10A5,0x10A5,0x10A5,
  0x10A5,0x10A5,0x10A5,0x10A5,0x10A5,0x10A5,0x10A5,0x10A5,0x10A5,0x10A5,0x10A5,0x10A5,
  0x10A5,0x10A5,0x10A5,0x10A5,0x10A5,0x10A5,0x10A5,0x10A5,0x10A5,0x10A5,0x10A5,0x10A5,
  0x10A5,0x10A5,0x10A5,0x10A5,0x10A5,0x10A5,0x10A5,0x10A5,0x10A5,0x10A5,0x10A5,0x10A5,
  0x10A5,0x10A5,0x10A5,0x10A5,0x10A5,0x10A5,0x10A5,0x10A5,0x10A5,0x10A5,0x10A5,0x10A5,
  0x10A5,0x10A5,0x10A5,0x10A5,0x10A5,0x10A5,0x10A5,0x10A5,0x10A5,0x10A5,0x10A5,0x10A5,
  0x10A5,0x10A5,0x10A5,0x10A5,0x10A5,0x10A5,0x10A5,0x10A5,0x10A5,0x10A5,0x10A5,0x10A5,
  0x10A5,0x10A5,0x10A5,0x10A5,0x10A5,0x10A5,0x10A5,0x10A5,0x10A5,0x10A5,0x10A5,0x10A5,
  0x10A5,0x10A5,0x10A5,0x10A5,0x10A5,0x10A5,0x10A5,0x10A5,0x10A5,0x10A5,0x10A5,0x10A5,
  0x10A5,0x10A5,0x10A5,0x10A5,0x10A5,0x10A5,0x10A5,0x10A5,0x10A5,0x10A5,0x10A5,0x10A5,
  0x10A5,0x10A5,0x10A5,0x10A5,0x10A5,0x10A5,0x10A5,0x10A5,0x10A5,0x10A5,0x10A5,0x10A5,
  0x10A5,0x10A5,0x10A5,0x10A5,0x10A5,0x10A5,0x10A5,0x10A5,0x10A5,0x10A5,0x10A5,0x10A5,
  0x10A5,0x10A5,0x10A5,0x10A5,0x10A5,0x10A5,0x10A5,0x10A5,0x10A5,0x10A5,0x10A5,0x10A5,
  0x10A5,0x10A5,0x10A5,0x10A5,0x10A5,0x10A5,0x10A5,0x10A5,0x10A5,0x10A5,0x10A5,0x10A5,
  0x10A5,0x10A5,0x10A5,0x10A5,0x10A5,0x10A5,0x10A5,0x10A5,0x10A5,0x10A5,0x10A5,0x10A5,
  0x10A5,0x10A5,0x10A5,0x10A5,0x10A5,0x10A5,0x10A5,0x10A5,0x10A5,0x10A5,0x10A5,0x10A5,
  0x10A5,0x10A5,0x10A5,0x10A5,0x10A5,0x10A5,0x10A5,0x10A5,0x10A5,0x10A5,0x10A5,0x10A5,
  0x10A5,0x10A5,0x10A5,0x10A5,0x10A5,0x10A5,0x10A5,0x10A5,0x10A5,0x10A5,0x10A5,0x10A5,
  0x10A5,0x10A5,0x10A5,0x10A5,0x10A5,0x10A5,0x10A5,0x10A5,0x10A5,0x10A5,0x10A5,0x10A5,
  0x10A5,0x10A5,0x10A5,0x10A5,0x10A5,0x10A5,0x10A5,0x10A5,0x10A5,0x10A5,0x10A5,0x10A5,
  0x10A5,0x10A5,0x10A5,0x10A5,0x10A5,0x10A5,0x10A5,0x10A5,0x10A5,0x10A5,0x10A5,0x10A5,
  0x10A5,0x10A5,0x10A5,0x10A5,0x10A5,0x10A5,0x10A5,0x10A5,0x10A5,0x10A5,0x10A5,0x10A5,
  0x10A5,0x10A5,0x10A5,0x10A5,0x10A5,0x10A5,0x10A5,0x10A5,0x10A5,0x10A5,0x10A5,0x10A5,
  0x10A5,0x10A5,0x10A5,0x10A5,0x10A5,0x10A5,0x10A5,0x10A5,0x10A5,0x10A5,0x10A5,0x10A5,
  0x10A5,0x10A5,0x10A5,0x10A5,0x10A5,0x10A5,0x10A5,0x10A5,0x10A5,0x10A5,0x10A5,0x10A5,
  0x10A5,0x10A5,0x10A5,0x10A5,0x10A5,0x10A5,0x10A5,0x10A5,0x10A5,0x10A5,0x10A5,0x10A5,
  0x10A5,0x10A5,0x10A5,0x10A5,0x10A5,0x10A5,0x10A5,0x10A5,0x10A5,0x10A5,0x10A5,0x10A5,
  0x10A5,0x10A5,0x10A5,0x10A5,0x10A5,0x10A5,0x10A5,0x10A5,0x10A5,0x10A5,0x10A5,0x10A5,
  0x10A5,0x10A5,0x10A5,0x10A5,0x10A5,0x10A5,0x10A5,0x10A5,0x10A5,0x10A5,0x10A5,0x10A5,
  0x10A5,0x10A5,0x10A5,0x10A5,0x10A5,0x10A5,0x10A5,0x10A5,0x10A5,0x10A5,0x10A5,0x10A5,
  0x10A5,0x10A5,0x10A5,0x10A5,0x10A5,0x10A5,0x10A5,0x10A5,0x10A5,0x10A5,0x10A5,0x10A5,
  0x10A5,0x10A5,0x10A5,0x10A5,0x10A5,0x10A5,0x10A5,0x10A5,0x10A5,0x10A5,0x10A5,0x10A5,
  0x10A5,0x10A5,0x10A5,0x10A5,0x10A5,0x10A5,0x10A5,0x10A5,0x10A5,0x10A5,0x10A5,0x10A5,
  0x10A5,0x10A5,0x10A5,0x10A5,0x10A5,0x10A5,0x10A5,0x10A5,0x10A5,0x10A5,0x10A5,0x10A5,
  0x10A5,0x10A5,0x10A5,0x10A5,0x10A5,0x10A5,0x10A5,0x10A5,0x10A5,0x10A5,0x10A5,0x10A5,
  0x10A5,0x10A5,0x10A5,0x10A5,0x10A5,0x10A5,0x10A5,0x10A5,0x10A5,0x10A5,0x10A5,0x10A5,
  0x10A5,0x10A5,0x10A5,0x10A5,0x10A5,0x10A5,0x10A5,0x10A5,0x10A5,0x10A5,0x10A5,0x10A5,
  0x10A5,0x10A5,0x10A5,0x10A5,0x10A5,0x10A5,0x10A5,0x10A5,0x10A5,0x10A5,0x10A5,0x10A5,
  0x10A5,0x10A5,0x10A5,0x10A5,0x10A5,0x10A5,0x10A5,0x10A5,0x10A5,0x10A5,0x10A5,0x10A5,
  0x10A5,0x10A5,0x10A5,0x10A5,0x10A5,0x10A5,0x10A5,0x10A5,0x10A5,0x10A5,0x10A5,0x10A5,
  0x10A5,0x10A5,0x10A5,0x10A5,0x10A5,0x10A5,0x10A5,0x10A5,0x10A5,0x10A5,0x10A5,0x10A5,
  0x10A5,0x10A5,0x10A5,0x10A5,0x10A5,0x10A5,0x10A5,0x10A5,0x10A5,0x10A5,0x10A5,0x10A5,
  0x10A5,0x10A5,0x10A5,0x10A5,0x10A5,0x10A5,0x10A5,0x10A5,0x10A5,0x10A5,0x10A5,0x10A5,
  0x10A5,0x10A5,0x10A5,0x10A5,0x10A5,0x10A5,0x10A5,0x10A5,0x10A5,0x10A5,0x10A5,0x10A5,
  0x10A5,0x10A5,0x10A5,0x10A5,0x10A5,0x10A5,0x10A5,0x10A5,0x10A5,0x10A5,0x10A5,0x10A5,
  0x10A5,0x10A5,0x10A5,0x10A5,0x10A5,0x10A5,0x10A5,0x10A5,0x10A5,0x10A5,0x10A5,0x10A5,
  0x10A5,0x10A5,0x10A5,0x10A5,0x10A5,0x10A5,0x10A5,0x10A5,0x10A5,0x10A5,0x10A5,0x10A5,
  0x10A5,0x10A5,0x10A5,0x10A5,0x10A5,0x10A5,0x10A5,0x10A5,0x10A5,0x10A5,0x10A5,0x10A5,
  0x10A5,0x10A5,0x10A5,0x10A5,0x10A5,0x10A5,0x10A5,0x10A5,0x10A5,0x10A5,0x10A5,0x10A5,
  0x10A5,0x10A5,0x10A5,0x10A5,0x10A5,0x10A5,0x10A5,0x10A5,0x10A5,0x10A5,0x10A5,0x10A5,
  0x10A5,0x10A5,0x10A5,0x10A5,0x10A5,0x10A5,0x10A5,0x10A5,0x10A5,0x10A5,0x10A5,0x10A5,
  0x10A5,0x10A5,0x10A5,0x10A5,0x10A5,0x10A5,0x10A5,0x10A5,0x10A5,0x10A5,0x10A5,0x10A5,
  0x10A5,0x10A5,0x10A5,0x10A5,0x10A5,0x10A5,0x10A5,0x10A5,0x10A5,0x10A5,0x10A5,0x10A5,
  0x10A5,0x10A5,0x10A5,0x10A5,0x10A5,0x10A5,0x10A5,0x10A5,0x10A5,0x10A5,0x10A5,0x10A5,
  0x10A5,0x10A5,0x10A5,0x10A5,0x10A5,0x10A5,0x10A5,0x10A5,0x10A5,0x10A5,0x10A5,0x10A5,
  0x10A5,0x10A5,0x10A5,0x10A5,0x10A5,0x10A5,0x10A5,0x10A5,0x10A5,0x10A5,0x10A5,0x10A5,
  0x10A5,0x10A5,0x10A5,0x10A5,0x10A5,0x10A5,0x10A5,0x10A5,0x10A5,0x10A5,0x10A5,0x10A5,
  0x10A5,0x10A5,0x10A5,0x10A5,0x10A5,0x10A5,0x10A5,0x10A5,0x10A5,0x10A5,0x10A5,0x10A5,
  0x10A5,0x10A5,0x10A5,0x10A5,0x10A5,0x10A5,0x10A5,0x10A5,0x10A5,0x10A5,0x10A5,0x10A5,
  0x10A5,0x10A5,0x10A5,0x10A5,0x10A5,0x10A5,0x10A5,0x10A5,0x10A5,0x10A5,0x10A5,0x10A5,
  0x10A5,0x10A5,0x10A5,0x10A5,0x10A5,0x10A5,0x10A5,0x10A5,0x10A5,0x10A5,0x10A5,0x10A5,
  0x10A5,0x10A5,0x10A5,0x10A5,0x10A5,0x10A5,0x10A5,0x10A5,0x10A5,0x10A5,0x10A5,0x10A5,
  0x10A5,0x10A5,0x10A5,0x10A5,0x10A5,0x10A5,0x10A5,0x10A5,0x10A5,0x10A5,0x10A5,0x10A5,
  0x10A5,0x10A5,0x10A5,0x10A5,0x10A5,0x10A5,0x10A5,0x10A5,0x10A5,0x10A5,0x10A5,0x10A5,
  0x10A5,0x10A5,0x10A5,0x10A5,0x10A5,0x10A5,0x10A5,0x10A5,0x10A5,0x10A5,0x10A5,0x10A5,
  0x10A5,0x10A5,0x10A5,0x10A5,0x10A5,0x10A5,0x10A5,0x10A5,0x10A5,0x10A5,0x10A5,0x10A5,
  0x10A5,0x10A5,0x10A5,0x10A5,0x10A5,0x10A5,0x10A5,0x10A5,0x10A5,0x10A5,0x10A5,0x10A5,
  0x10A5,0x10A5,0x10A5,0x10A5,0x10A5,0x10A5,0x10A5,0x10A5,0x10A5,0x10A5,0x10A5,0x10A5,
  0x10A5,0x10A5,0x10A5,0x10A5,0x10A5,0x10A5,0x10A5,0x10A5,0x10A5,0x10A5,0x10A5,0x10A5,
  0x10A5,0x10A5,0x10A5,0x10A5,0x10A5,0x10A5,0x10A5,0x10A5,0x10A5,0x10A5,0x10A5,0x10A5,
  0x10A5,0x10A5,0x10A5,0x10A5,0x10A5,0x10A5,0x10A5,0x10A5,0x10A5,0x10A5,0x10A5,0x10A5,
  0x10A5,0x10A5,0x10A5,0x10A5,0x10A5,0x10A5,0x10A5,0x10A5,0x10A5,0x10A5,0x10A5,0x10A5,
  0x10A5,0x10A5,0x10A5,0x10A5,0x10A5,0x10A5,0x10A5,0x10A5,0x10A5,0x10A5,0x10A5,0x10A5,
  0x10A5,0x10A5,0x10A5,0x10A5,0x10A5,0x10A5,0x10A5,0x10A5,0x10A5,0x10A5,0x10A5,0x10A5,
  0x10A5,0x10A5,0x10A5,0x10A5,0x10A5,0x10A5,0x10A5,0x10A5,0x10A5,0x10A5,0x10A5,0x10A5,
  0x10A5,0x10A5,0x10A5,0x10A5,0x10A5,0x10A5,0x10A5,0x10A5,0x10A5,0x10A5,0x10A5,0x10A5,
  0x10A5,0x10A5,0x10A5,0x10A5,0x10A5,0x10A5,0x10A5,0x10A5,0x10A5,0x10A5,0x10A5,0x10A5,
  0x10A5,0x10A5,0x10A5,0x10A5,0x10A5,0x10A5,0x10A5,0x10A5,0x10A5,0x10A5,0x10A5,0x10A5,
  0x10A5,0x10A5,0x10A5,0x10A5,0x10A5,0x10A5,0x10A5,0x10A5,0x10A5,0x10A5,0x10A5,0x10A5,
  0x10A5,0x10A5,0x10A5,0x10A5,0x10A5,0x10A5,0x10A5,0x10A5,0x10A5,0x10A5,0x10A5,0x10A5,
  0x10A5,0x10A5,0x10A5,0x10A5,0x10A5,0x10A5,0x10A5,0x10A5,0x10A5,0x10A5,0x10A5,0x10A5,
  0x10A5,0x10A5,0x10A5,0x10A5,0x10A5,0x10A5,0x10A5,0x10A5,0x10A5,0x10A5,0x10A5,0x10A5,
  0x10A5,0x10A5,0x10A5,0x10A5,0x10A5,0x10A5,0x10A5,0x10A5,0x10A5,0x10A5,0x10A5,0x10A5,
  0x10A5,0x10A5,0x10A5,0x10A5,0x10A5,0x10A5,0x10A5,0x10A5,0x10A5,0x10A5,0x10A5,0x10A5,
  0x10A5,0x10A5,0x10A5,0x10A5,0x10A5,0x10A5,0x10A5,0x10A5,0x10A5,0x10A5,0x10A5,0x10A5,
  0x10A5,0x10A5,0x10A5,0x10A5,0x10A5,0x10A5,0x10A5,0x10A5,0x10A5,0x10A5,0x10A5,0x10A5,
  0x10A5,0x10A5,0x10A5,0x10A5,0x10A5,0x10A5,0x10A5,0x10A5,0x10A5,0x10A5,0x10A5,0x10A5,
  0x10A5,0x10A5,0x10A5,0x10A5,0x10A5,0x10A5,0x10A5,0x10A5,0x10A5,0x10A5,0x10A5,0x10A5,
  0x10A5,0x10A5,0x10A5,0x10A5,0x10A5,0x10A5,0x10A5,0x10A5,0x10A5,0x10A5,0x10A5,0x10A5,
  0x10A5,0x10A5,0x10A5,0x10A5,0x10A5,0x10A5,0x10A5,0x10A5,0x10A5,0x10A5,0x10A5,0x10A5,
  0x10A5,0x10A5,0x10A5,0x10A5,0x10A5,0x10A5,0x10A5,0x10A5,0x10A5,0x10A5,0x10A5,0x10A5,
  0x10A5,0x10A5,0x10A5,0x10A5,0x10A5,0x10A5,0x10A5,0x10A5,0x10A5,0x10A5,0x10A5,0x10A5,
  0x10A5,0x10A5,0x10A5,0x10A5,0x10A5,0x10A5,0x10A5,0x10A5,0x10A5,0x10A5,0x10A5,0x10A5,
  0x10A5,0x10A5,0x10A5,0x10A5,0x10A5,0x10A5,0x10A5,0x10A5,0x10A5,0x10A5,0x10A5,0x10A5,
  0x10A5,0x10A5,0x10A5,0x10A5,0x10A5,0x10A5,0x10A5,0x10A5,0x10A5,0x10A5,0x10A5,0x10A5,
  0x10A5,0x10A5,0x10A5,0x10A5,0x10A5,0x10A5,0x10A5,0x10A5,0x10A5,0x10A5,0x10A5,0x10A5,
  0x10A5,0x10A5,0x10A5,0x10A5,0x10A5,0x10A5,0x10A5,0x10A5,0x10A5,0x10A5,0x10A5,0x10A5,
  0x10A5,0x10A5,0x10A5,0x10A5,0x10A5,0x10A5,0x10A5,0x10A5,0x10A5,0x10A5,0x10A5,0x10A5,
  0x10A5,0x10A5,0x10A5,0x10A5,0x10A5,0x10A5,0x10A5,0x10A5,0x10A5,0x10A5,0x10A5,0x10A5,
  0x10A5,0x10A5,0x10A5,0x10A5,0x10A5,0x10A5,0x10A5,0x10A5,0x10A5,0x10A5,0x10A5,0x10A5,
  0x10A5,0x10A5,0x10A5,0x10A5,0x10A5,0x10A5,0x10A5,0x10A5,0x10A5,0x10A5,0x10A5,0x10A5,
  0x10A5,0x10A5,0x10A5,0x10A5,0x10A5,0x10A5,0x10A5,0x10A5,0x10A5,0x10A5,0x10A5,0x10A5,
  0x10A5,0x10A5,0x10A5,0x10A5,0x10A5,0x10A5,0x10A5,0x10A5,0x10A5,0x10A5,0x10A5,0x10A5,
  0x10A5,0x10A5,0x10A5,0x10A5,0x10A5,0x10A5,0x10A5,0x10A5,0x10A5,0x10A5,0x10A5,0x10A5,
  0x10A5,0x10A5,0x10A5,0x10A5,0x10A5,0x10A5,0x10A5,0x10A5,0x10A5,0x10A5,0x10A5,0x10A5,
  0x10A5,0x10A5,0x10A5,0x10A5,0x10A5,0x10A5,0x10A5,0x10A5,0x10A5,0x10A5,0x10A5,0x10A5,
  0x10A5,0x10A5,0x10A5,0x10A5,0x10A5,0x10A5,0x10A5,0x10A5,0x10A5,0x10A5,0x10A5,0x10A5,
  0x10A5,0x10A5,0x10A5,0x10A5,0x10A5,0x10A5,0x10A5,0x10A5,0x10A5,0x10A5,0x10A5,0x10A5,
  0x10A5,0x10A5,0x10A5,0x10A5,0x10A5,0x10A5,0x10A5,0x10A5,0x10A5,0x10A5,0x10A5,0x10A5,
  0x10A5,0x10A5,0x10A5,0x10A5,0x10A5,0x10A5,0x10A5,0x10A5,0x10A5,0x10A5,0x10A5,0x10A5,
  0x10A5,0x10A5,0x10A5,0x10A5,0x10A5,0x10A5,0x10A5,0x10A5,0x10A5,0x10A5,0x10A5,0x10A5,
  0x10A5,0x10A5,0x10A5,0x10A5,0x10A5,0x10A5,0x10A5,0x10A5,0x10A5,0x10A5,0x10A5,0x10A5,
  0x10A5,0x10A5,0x10A5,0x10A5,0x10A5,0x10A5,0x10A5,0x10A5,0x10A5,0x10A5,0x10A5,0x10A5,
  0x10A5,0x10A5,0x10A5,0x10A5,0x10A5,0x10A5,0x10A5,0x10A5,0x10A5,0x10A5,0x10A5,0x10A5,
  0x10A5,0x10A5,0x10A5,0x10A5,0x10A5,0x10A5,0x10A5,0x10A5,0x10A5,0x10A5,0x10A5,0x10A5,
  0x10A5,0x10A5,0x10A5,0x10A5,0x10A5,0x10A5,0x10A5,0x10A5,0x10A5,0x10A5,0x10A5,0x10A5,
  0x10A5,0x10A5,0x10A5,0x10A5,0x10A5,0x10A5,0x10A5,0x10A5,0x10A5,0x10A5,0x10A5,0x10A5,
  0x10A5,0x10A5,0x10A5,0x10A5,0x10A5,0x10A5,0x10A5,0x10A5,0x10A5,0x10A5,0x10A5,0x10A5,
  0x10A5,0x10A5,0x10A5,0x10A5,0x10A5,0x10A5,0x10A5,0x10A5,0x10A5,0x10A5,0x10A5,0x10A5,
  0x10A5,0x10A5,0x10A5,0x10A5,0x10A5,0x10A5,0x10A5,0x10A5,0x10A5,0x10A5,0x10A5,0x10A5,
  0x10A5,0x10A5,0x10A5,0x10A5,0x10A5,0x10A5,0x10A5,0x10A5,0x10A5,0x10A5,0x10A5,0x10A5,
  0x10A5,0x10A5,0x10A5,0x10A5,0x10A5,0x10A5,0x10A5,0x10A5,0x10A5,0x10A5,0x10A5,0x10A5,
  0x10A5,0x10A5,0x10A5,0x10A5,0x10A5,0x10A5,0x10A5,0x10A5,0x10A5,0x10A5,0x10A5,0x10A5,
  0x10A5,0x10A5,0x10A5,0x10A5,0x10A5,0x10A5,0x10A5,0x10A5,0x10A5,0x10A5,0x10A5,0x10A5,
  0x10A5,0x10A5,0x10A5,0x10A5,0x10A5,0x10A5,0x10A5,0x10A5,0x10A5,0x10A5,0x10A5,0x10A5,
  0x10A5,0x10A5,0x10A5,0x10A5,0x10A5,0x10A5,0x10A5,0x10A5,0x10A5,0x10A5,0x10A5,0x10A5,
  0x10A5,0x10A5,0x10A5,0x10A5,0x10A5,0x10A5,0x10A5,0x10A5,0x10A5,0x10A5,0x10A5,0x10A5,
  0x10A5,0x10A5,0x10A5,0x10A5,0x10A5,0x10A5,0x10A5,0x10A5,
};

#endif  // USE_SPLASH
